ERROR:root:Cannot read from video source: rtsp://admin:12345678@41.178.2.61:554/ch12/0
[ WARN:2@2368077.946] global cap_ffmpeg_impl.hpp:453 _opencv_ffmpeg_interrupt_callback Stream timeout triggered after 30033.211760 ms
WARNING:root:Stream 56ca5445-cc78-4157-a5ca-505b5ce63d28 frozen (in-memory last_frame_time 58.1s ago). Queuing for restart.
[ WARN:2@2368108.009] global cap_ffmpeg_impl.hpp:453 _opencv_ffmpeg_interrupt_callback Stream timeout triggered after 30062.306900 ms
ERROR:root:Cannot read from video source: rtsp://admin:12345678@41.178.2.61:554/ch12/0
[ WARN:0@2368138.041] global cap_ffmpeg_impl.hpp:453 _opencv_ffmpeg_interrupt_callback Stream timeout triggered after 30030.010752 ms
WARNING:root:Stream 56ca5445-cc78-4157-a5ca-505b5ce63d28 frozen (in-memory last_frame_time 58.1s ago). Queuing for restart.
[ WARN:0@2368168.128] global cap_ffmpeg_impl.hpp:453 _opencv_ffmpeg_interrupt_callback Stream timeout triggered after 30085.496524 ms
ERROR:root:Cannot read from video source: rtsp://admin:12345678@41.178.2.61:554/ch12/0
[ WARN:3@2368198.131] global cap_ffmpeg_impl.hpp:453 _opencv_ffmpeg_interrupt_callback Stream timeout triggered after 30032.765174 ms
WARNING:root:🔥 NEW FIRE DETECTION: FIRE detected in e5363bb0-6d8e-49c6-b548-78110a42eddc at frame 110300
WARNING:root:Stream 56ca5445-cc78-4157-a5ca-505b5ce63d28 frozen (in-memory last_frame_time 58.1s ago). Queuing for restart.
WARNING:root:🌊 FIRE CLEARED: e5363bb0-6d8e-49c6-b548-78110a42eddc changed from 'fire' to 'no detection' at frame 110310
[ WARN:3@2368228.208] global cap_ffmpeg_impl.hpp:453 _opencv_ffmpeg_interrupt_callback Stream timeout triggered after 30075.685416 ms
ERROR:root:Cannot read from video source: rtsp://admin:12345678@41.178.2.61:554/ch12/0
[ WARN:11@2368258.198] global cap_ffmpeg_impl.hpp:453 _opencv_ffmpeg_interrupt_callback Stream timeout triggered after 30007.142747 ms
WARNING:root:Stream 56ca5445-cc78-4157-a5ca-505b5ce63d28 frozen (in-memory last_frame_time 58.1s ago). Queuing for restart.
[ WARN:11@2368288.291] global cap_ffmpeg_impl.hpp:453 _opencv_ffmpeg_interrupt_callback Stream timeout triggered after 30091.995727 ms
ERROR:root:Cannot read from video source: rtsp://admin:12345678@41.178.2.61:554/ch12/0
[ WARN:8@2368318.346] global cap_ffmpeg_impl.hpp:453 _opencv_ffmpeg_interrupt_callback Stream timeout triggered after 30074.321732 ms
WARNING:root:Stream 56ca5445-cc78-4157-a5ca-505b5ce63d28 frozen (in-memory last_frame_time 58.0s ago). Queuing for restart.
[ WARN:8@2368348.404] global cap_ffmpeg_impl.hpp:453 _opencv_ffmpeg_interrupt_callback Stream timeout triggered after 30056.037703 ms
ERROR:root:Cannot read from video source: rtsp://admin:12345678@41.178.2.61:554/ch12/0
[ WARN:10@2368378.357] global cap_ffmpeg_impl.hpp:453 _opencv_ffmpeg_interrupt_callback Stream timeout triggered after 30020.570989 ms
WARNING:root:Stream 56ca5445-cc78-4157-a5ca-505b5ce63d28 frozen (in-memory last_frame_time 58.1s ago). Queuing for restart.
[ WARN:10@2368408.413] global cap_ffmpeg_impl.hpp:453 _opencv_ffmpeg_interrupt_callback Stream timeout triggered after 30054.786303 ms
ERROR:root:Cannot read from video source: rtsp://admin:12345678@41.178.2.61:554/ch12/0
WARNING:root:🔥 NEW FIRE DETECTION: FIRE detected in e5363bb0-6d8e-49c6-b548-78110a42eddc at frame 110390
[ WARN:9@2368438.480] global cap_ffmpeg_impl.hpp:453 _opencv_ffmpeg_interrupt_callback Stream timeout triggered after 30062.071282 ms
WARNING:root:🌊 FIRE CLEARED: e5363bb0-6d8e-49c6-b548-78110a42eddc changed from 'fire' to 'no detection' at frame 110400
WARNING:root:Stream 56ca5445-cc78-4157-a5ca-505b5ce63d28 frozen (in-memory last_frame_time 58.1s ago). Queuing for restart.
[ WARN:9@2368468.533] global cap_ffmpeg_impl.hpp:453 _opencv_ffmpeg_interrupt_callback Stream timeout triggered after 30052.172754 ms
ERROR:root:Cannot read from video source: rtsp://admin:12345678@41.178.2.61:554/ch12/0
[ WARN:3@2368498.506] global cap_ffmpeg_impl.hpp:453 _opencv_ffmpeg_interrupt_callback Stream timeout triggered after 30014.270642 ms
WARNING:root:Stream 56ca5445-cc78-4157-a5ca-505b5ce63d28 frozen (in-memory last_frame_time 58.0s ago). Queuing for restart.
[ WARN:3@2368528.566] global cap_ffmpeg_impl.hpp:453 _opencv_ffmpeg_interrupt_callback Stream timeout triggered after 30058.393599 ms
ERROR:root:Cannot read from video source: rtsp://admin:12345678@41.178.2.61:554/ch12/0
[ WARN:6@2368558.552] global cap_ffmpeg_impl.hpp:453 _opencv_ffmpeg_interrupt_callback Stream timeout triggered after 30004.664431 ms
WARNING:root:Stream 56ca5445-cc78-4157-a5ca-505b5ce63d28 frozen (in-memory last_frame_time 58.1s ago). Queuing for restart.
[ WARN:6@2368588.602] global cap_ffmpeg_impl.hpp:453 _opencv_ffmpeg_interrupt_callback Stream timeout triggered after 30048.821603 ms
ERROR:root:Cannot read from video source: rtsp://admin:12345678@41.178.2.61:554/ch12/0
[ WARN:2@2368618.655] global cap_ffmpeg_impl.hpp:453 _opencv_ffmpeg_interrupt_callback Stream timeout triggered after 30043.286059 ms
WARNING:root:Stream 56ca5445-cc78-4157-a5ca-505b5ce63d28 frozen (in-memory last_frame_time 58.0s ago). Queuing for restart.
[ WARN:2@2368648.713] global cap_ffmpeg_impl.hpp:453 _opencv_ffmpeg_interrupt_callback Stream timeout triggered after 30056.136757 ms
ERROR:root:Cannot read from video source: rtsp://admin:12345678@41.178.2.61:554/ch12/0
[ WARN:1@2368678.713] global cap_ffmpeg_impl.hpp:453 _opencv_ffmpeg_interrupt_callback Stream timeout triggered after 30044.448245 ms
WARNING:root:Stream 56ca5445-cc78-4157-a5ca-505b5ce63d28 frozen (in-memory last_frame_time 58.0s ago). Queuing for restart.
WARNING:root:🔥 NEW FIRE DETECTION: FIRE detected in e5363bb0-6d8e-49c6-b548-78110a42eddc at frame 110500
[ WARN:1@2368708.773] global cap_ffmpeg_impl.hpp:453 _opencv_ffmpeg_interrupt_callback Stream timeout triggered after 30058.921105 ms
ERROR:root:Cannot read from video source: rtsp://admin:12345678@41.178.2.61:554/ch12/0
WARNING:root:🌊 FIRE CLEARED: e5363bb0-6d8e-49c6-b548-78110a42eddc changed from 'fire' to 'no detection' at frame 110510
[ WARN:4@2368738.811] global cap_ffmpeg_impl.hpp:453 _opencv_ffmpeg_interrupt_callback Stream timeout triggered after 30072.590939 ms
WARNING:root:Stream 56ca5445-cc78-4157-a5ca-505b5ce63d28 frozen (in-memory last_frame_time 58.0s ago). Queuing for restart.
[ WARN:4@2368768.861] global cap_ffmpeg_impl.hpp:453 _opencv_ffmpeg_interrupt_callback Stream timeout triggered after 30049.327428 ms
ERROR:root:Cannot read from video source: rtsp://admin:12345678@41.178.2.61:554/ch12/0
[ WARN:11@2368798.872] global cap_ffmpeg_impl.hpp:453 _opencv_ffmpeg_interrupt_callback Stream timeout triggered after 30077.025813 ms
WARNING:root:Stream 56ca5445-cc78-4157-a5ca-505b5ce63d28 frozen (in-memory last_frame_time 58.1s ago). Queuing for restart.
[ WARN:11@2368828.940] global cap_ffmpeg_impl.hpp:453 _opencv_ffmpeg_interrupt_callback Stream timeout triggered after 30066.181143 ms
ERROR:root:Cannot read from video source: rtsp://admin:12345678@41.178.2.61:554/ch12/0
[ WARN:10@2368858.926] global cap_ffmpeg_impl.hpp:453 _opencv_ffmpeg_interrupt_callback Stream timeout triggered after 30064.813511 ms
WARNING:root:Stream 56ca5445-cc78-4157-a5ca-505b5ce63d28 frozen (in-memory last_frame_time 58.1s ago). Queuing for restart.
[ WARN:10@2368888.982] global cap_ffmpeg_impl.hpp:453 _opencv_ffmpeg_interrupt_callback Stream timeout triggered after 30054.570068 ms
ERROR:root:Cannot read from video source: rtsp://admin:12345678@41.178.2.61:554/ch12/0
WARNING:root:🔥 NEW FIRE DETECTION: FIRE detected in e5363bb0-6d8e-49c6-b548-78110a42eddc at frame 110580
[ WARN:9@2368918.969] global cap_ffmpeg_impl.hpp:453 _opencv_ffmpeg_interrupt_callback Stream timeout triggered after 30041.468460 ms
WARNING:root:🔥 NEW FIRE DETECTION: FIRE detected in e5363bb0-6d8e-49c6-b548-78110a42eddc at frame 66463388
WARNING:root:SENDING FIRE NOTIFICATION: 🔥 FIRE/SMOKE ALERT: FIRE detected in test3 for stream e5363bb0-6d8e-49c6-b548-78110a42eddc
WARNING:root:No WebSocket subscribers for user 1eb98c01-19d9-4f5f-8954-12c11cdc6cf3 to receive fire alert
WARNING:root:🔥 FIRE NOTIFICATION SENT for e5363bb0-6d8e-49c6-b548-78110a42eddc. Next available: 2025-12-23 19:03:38.940993+02:00
WARNING:root:🌊 FIRE CLEARED: e5363bb0-6d8e-49c6-b548-78110a42eddc changed from 'fire' to 'no detection' at frame 110590
WARNING:root:Stream 56ca5445-cc78-4157-a5ca-505b5ce63d28 frozen (in-memory last_frame_time 58.0s ago). Queuing for restart.
[ WARN:9@2368949.023] global cap_ffmpeg_impl.hpp:453 _opencv_ffmpeg_interrupt_callback Stream timeout triggered after 30052.485122 ms
ERROR:root:Cannot read from video source: rtsp://admin:12345678@41.178.2.61:554/ch12/0
[ WARN:11@2368978.996] global cap_ffmpeg_impl.hpp:453 _opencv_ffmpeg_interrupt_callback Stream timeout triggered after 30009.853318 ms
WARNING:root:🔥 NEW FIRE DETECTION: FIRE detected in e5363bb0-6d8e-49c6-b548-78110a42eddc at frame 110620
WARNING:root:Stream 56ca5445-cc78-4157-a5ca-505b5ce63d28 frozen (in-memory last_frame_time 58.0s ago). Queuing for restart.
[ WARN:11@2369009.055] global cap_ffmpeg_impl.hpp:453 _opencv_ffmpeg_interrupt_callback Stream timeout triggered after 30057.485465 ms
ERROR:root:Cannot read from video source: rtsp://admin:12345678@41.178.2.61:554/ch12/0
WARNING:root:🌊 FIRE CLEARED: e5363bb0-6d8e-49c6-b548-78110a42eddc changed from 'fire' to 'no detection' at frame 110630
[ WARN:11@2369039.089] global cap_ffmpeg_impl.hpp:453 _opencv_ffmpeg_interrupt_callback Stream timeout triggered after 30031.767133 ms
WARNING:root:Stream 56ca5445-cc78-4157-a5ca-505b5ce63d28 frozen (in-memory last_frame_time 58.6s ago). Queuing for restart.
[ WARN:11@2369069.152] global cap_ffmpeg_impl.hpp:453 _opencv_ffmpeg_interrupt_callback Stream timeout triggered after 30061.965518 ms
ERROR:root:Cannot read from video source: rtsp://admin:12345678@41.178.2.61:554/ch12/0
[ WARN:6@2369099.703] global cap_ffmpeg_impl.hpp:453 _opencv_ffmpeg_interrupt_callback Stream timeout triggered after 30081.248145 ms
WARNING:root:Stream 56ca5445-cc78-4157-a5ca-505b5ce63d28 frozen (in-memory last_frame_time 58.0s ago). Queuing for restart.
[ WARN:6@2369129.763] global cap_ffmpeg_impl.hpp:453 _opencv_ffmpeg_interrupt_callback Stream timeout triggered after 30058.638584 ms
ERROR:root:Cannot read from video source: rtsp://admin:12345678@41.178.2.61:554/ch12/0
WARNING:root:🔥 NEW FIRE DETECTION: FIRE detected in e5363bb0-6d8e-49c6-b548-78110a42eddc at frame 20
[ WARN:8@2369159.713] global cap_ffmpeg_impl.hpp:453 _opencv_ffmpeg_interrupt_callback Stream timeout triggered after 30028.793090 ms
WARNING:root:Stream 56ca5445-cc78-4157-a5ca-505b5ce63d28 frozen (in-memory last_frame_time 58.6s ago). Queuing for restart.
[ WARN:8@2369189.770] global cap_ffmpeg_impl.hpp:453 _opencv_ffmpeg_interrupt_callback Stream timeout triggered after 30056.128846 ms
ERROR:root:Cannot read from video source: rtsp://admin:12345678@41.178.2.61:554/ch12/0
[ WARN:3@2369220.341] global cap_ffmpeg_impl.hpp:453 _opencv_ffmpeg_interrupt_callback Stream timeout triggered after 30088.205692 ms
WARNING:root:Stream 56ca5445-cc78-4157-a5ca-505b5ce63d28 frozen (in-memory last_frame_time 58.0s ago). Queuing for restart.
[ WARN:3@2369250.400] global cap_ffmpeg_impl.hpp:453 _opencv_ffmpeg_interrupt_callback Stream timeout triggered after 30057.660736 ms
ERROR:root:Cannot read from video source: rtsp://admin:12345678@41.178.2.61:554/ch12/0
[ WARN:0@2369280.329] global cap_ffmpeg_impl.hpp:453 _opencv_ffmpeg_interrupt_callback Stream timeout triggered after 30026.274135 ms
WARNING:root:Stream 56ca5445-cc78-4157-a5ca-505b5ce63d28 frozen (in-memory last_frame_time 58.0s ago). Queuing for restart.
[ WARN:0@2369310.388] global cap_ffmpeg_impl.hpp:453 _opencv_ffmpeg_interrupt_callback Stream timeout triggered after 30057.368991 ms
ERROR:root:Cannot read from video source: rtsp://admin:12345678@41.178.2.61:554/ch12/0
[ WARN:7@2369340.450] global cap_ffmpeg_impl.hpp:453 _opencv_ffmpeg_interrupt_callback Stream timeout triggered after 30096.170035 ms
WARNING:root:Stream 56ca5445-cc78-4157-a5ca-505b5ce63d28 frozen (in-memory last_frame_time 58.0s ago). Queuing for restart.
[ WARN:7@2369370.507] global cap_ffmpeg_impl.hpp:453 _opencv_ffmpeg_interrupt_callback Stream timeout triggered after 30056.416601 ms
ERROR:root:Cannot read from video source: rtsp://admin:12345678@41.178.2.61:554/ch12/0
[ WARN:9@2369400.419] global cap_ffmpeg_impl.hpp:453 _opencv_ffmpeg_interrupt_callback Stream timeout triggered after 30004.156462 ms
WARNING:root:Stream 56ca5445-cc78-4157-a5ca-505b5ce63d28 frozen (in-memory last_frame_time 58.0s ago). Queuing for restart.
[ WARN:9@2369430.478] global cap_ffmpeg_impl.hpp:453 _opencv_ffmpeg_interrupt_callback Stream timeout triggered after 30057.336586 ms
ERROR:root:Cannot read from video source: rtsp://admin:12345678@41.178.2.61:554/ch12/0
[ WARN:10@2369460.491] global cap_ffmpeg_impl.hpp:453 _opencv_ffmpeg_interrupt_callback Stream timeout triggered after 30022.666281 ms
WARNING:root:Stream 56ca5445-cc78-4157-a5ca-505b5ce63d28 frozen (in-memory last_frame_time 58.0s ago). Queuing for restart.
[ WARN:10@2369490.554] global cap_ffmpeg_impl.hpp:453 _opencv_ffmpeg_interrupt_callback Stream timeout triggered after 30061.874411 ms
ERROR:root:Cannot read from video source: rtsp://admin:12345678@41.178.2.61:554/ch12/0
[ WARN:11@2369520.613] global cap_ffmpeg_impl.hpp:453 _opencv_ffmpeg_interrupt_callback Stream timeout triggered after 30083.127149 ms
WARNING:root:Stream 56ca5445-cc78-4157-a5ca-505b5ce63d28 frozen (in-memory last_frame_time 58.0s ago). Queuing for restart.
[ WARN:11@2369550.669] global cap_ffmpeg_impl.hpp:453 _opencv_ffmpeg_interrupt_callback Stream timeout triggered after 30055.271203 ms
ERROR:root:Cannot read from video source: rtsp://admin:12345678@41.178.2.61:554/ch12/0
[ WARN:2@2369580.616] global cap_ffmpeg_impl.hpp:453 _opencv_ffmpeg_interrupt_callback Stream timeout triggered after 30033.363004 ms
WARNING:root:Stream 56ca5445-cc78-4157-a5ca-505b5ce63d28 frozen (in-memory last_frame_time 58.0s ago). Queuing for restart.
[ WARN:2@2369610.672] global cap_ffmpeg_impl.hpp:453 _opencv_ffmpeg_interrupt_callback Stream timeout triggered after 30055.619476 ms
ERROR:root:Cannot read from video source: rtsp://admin:12345678@41.178.2.61:554/ch12/0
[ WARN:3@2369640.710] global cap_ffmpeg_impl.hpp:453 _opencv_ffmpeg_interrupt_callback Stream timeout triggered after 30066.176176 ms
WARNING:root:Stream 56ca5445-cc78-4157-a5ca-505b5ce63d28 frozen (in-memory last_frame_time 58.0s ago). Queuing for restart.
[ WARN:3@2369670.766] global cap_ffmpeg_impl.hpp:453 _opencv_ffmpeg_interrupt_callback Stream timeout triggered after 30055.449107 ms
ERROR:root:Cannot read from video source: rtsp://admin:12345678@41.178.2.61:554/ch12/0
[ WARN:0@2369700.729] global cap_ffmpeg_impl.hpp:453 _opencv_ffmpeg_interrupt_callback Stream timeout triggered after 30035.996223 ms
WARNING:root:Stream 56ca5445-cc78-4157-a5ca-505b5ce63d28 frozen (in-memory last_frame_time 58.0s ago). Queuing for restart.
[ WARN:0@2369730.788] global cap_ffmpeg_impl.hpp:453 _opencv_ffmpeg_interrupt_callback Stream timeout triggered after 30057.048879 ms
ERROR:root:Cannot read from video source: rtsp://admin:12345678@41.178.2.61:554/ch12/0
[ WARN:7@2369760.738] global cap_ffmpeg_impl.hpp:453 _opencv_ffmpeg_interrupt_callback Stream timeout triggered after 30000.326058 ms
WARNING:root:Stream 56ca5445-cc78-4157-a5ca-505b5ce63d28 frozen (in-memory last_frame_time 58.0s ago). Queuing for restart.
[ WARN:7@2369790.796] global cap_ffmpeg_impl.hpp:453 _opencv_ffmpeg_interrupt_callback Stream timeout triggered after 30056.280784 ms
ERROR:root:Cannot read from video source: rtsp://admin:12345678@41.178.2.61:554/ch12/0
WARNING:root:🔥 NEW FIRE DETECTION: FIRE detected in e5363bb0-6d8e-49c6-b548-78110a42eddc at frame 601
WARNING:root:SENDING FIRE NOTIFICATION: 🔥 FIRE/SMOKE ALERT: FIRE detected in test3 for stream e5363bb0-6d8e-49c6-b548-78110a42eddc
WARNING:root:No WebSocket subscribers for user 1eb98c01-19d9-4f5f-8954-12c11cdc6cf3 to receive fire alert
WARNING:root:🔥 FIRE NOTIFICATION SENT for e5363bb0-6d8e-49c6-b548-78110a42eddc. Next available: 2025-12-23 19:18:05.127502+02:00
WARNING:root:🌊 FIRE CLEARED: e5363bb0-6d8e-49c6-b548-78110a42eddc changed from 'fire' to 'no detection' at frame 10
[ WARN:11@2369820.845] global cap_ffmpeg_impl.hpp:453 _opencv_ffmpeg_interrupt_callback Stream timeout triggered after 30046.938794 ms
WARNING:root:Stream 56ca5445-cc78-4157-a5ca-505b5ce63d28 frozen (in-memory last_frame_time 58.6s ago). Queuing for restart.
[ WARN:11@2369850.909] global cap_ffmpeg_impl.hpp:453 _opencv_ffmpeg_interrupt_callback Stream timeout triggered after 30063.045710 ms
ERROR:root:Cannot read from video source: rtsp://admin:12345678@41.178.2.61:554/ch12/0
ERROR:database:Asyncpg database query error: Cannot stop camera without stop_reason. Use 'user_action' for manual stops.. Query: UPDATE video_stream SET is_streaming = FALSE, status = 'inactive', last_activity = $1, updated_at = $1 WHERE stream_id = $2... Params: (datetime.datetime(2025, 12, 23, 19, 14, 11, 931245, tzinfo=zoneinfo.ZoneInfo(key='Africa/Cairo')), UUID('e5363bb0-6d8e-49c6-b548-78110a42eddc'))
Traceback (most recent call last):
  File "/home/ubuntu/insighteye/backend/database.py", line 180, in _execute
    await conn_to_use.execute(query, *params if params else [])
  File "/home/ubuntu/insighteye/insighteye/lib/python3.10/site-packages/asyncpg/connection.py", line 352, in execute
    _, status, _ = await self._execute(
  File "/home/ubuntu/insighteye/insighteye/lib/python3.10/site-packages/asyncpg/connection.py", line 1864, in _execute
    result, _ = await self.__execute(
  File "/home/ubuntu/insighteye/insighteye/lib/python3.10/site-packages/asyncpg/connection.py", line 1961, in __execute
    result, stmt = await self._do_execute(
  File "/home/ubuntu/insighteye/insighteye/lib/python3.10/site-packages/asyncpg/connection.py", line 2024, in _do_execute
    result = await executor(stmt, None)
  File "asyncpg/protocol/protocol.pyx", line 206, in bind_execute
asyncpg.exceptions.RaiseError: Cannot stop camera without stop_reason. Use 'user_action' for manual stops.
ERROR:database:Error acquiring connection from asyncpg pool: 500: A database error occurred: Cannot stop camera without stop_reason. Use 'user_action' for manual stops.
Traceback (most recent call last):
  File "/home/ubuntu/insighteye/backend/database.py", line 180, in _execute
    await conn_to_use.execute(query, *params if params else [])
  File "/home/ubuntu/insighteye/insighteye/lib/python3.10/site-packages/asyncpg/connection.py", line 352, in execute
    _, status, _ = await self._execute(
  File "/home/ubuntu/insighteye/insighteye/lib/python3.10/site-packages/asyncpg/connection.py", line 1864, in _execute
    result, _ = await self.__execute(
  File "/home/ubuntu/insighteye/insighteye/lib/python3.10/site-packages/asyncpg/connection.py", line 1961, in __execute
    result, stmt = await self._do_execute(
  File "/home/ubuntu/insighteye/insighteye/lib/python3.10/site-packages/asyncpg/connection.py", line 2024, in _do_execute
    result = await executor(stmt, None)
  File "asyncpg/protocol/protocol.pyx", line 206, in bind_execute
asyncpg.exceptions.RaiseError: Cannot stop camera without stop_reason. Use 'user_action' for manual stops.

During handling of the above exception, another exception occurred:

Traceback (most recent call last):
  File "/home/ubuntu/insighteye/backend/database.py", line 130, in get_connection
    yield conn
  File "/home/ubuntu/insighteye/backend/database.py", line 196, in execute_query
    return await _execute(conn)
  File "/home/ubuntu/insighteye/backend/database.py", line 187, in _execute
    raise HTTPException(status_code=status.HTTP_500_INTERNAL_SERVER_ERROR, detail=f"A database error occurred: {db_err}")
fastapi.exceptions.HTTPException: 500: A database error occurred: Cannot stop camera without stop_reason. Use 'user_action' for manual stops.
ERROR:root:Error during _stop_stream for e5363bb0-6d8e-49c6-b548-78110a42eddc: 500: Error acquiring database connection.
Traceback (most recent call last):
  File "/home/ubuntu/insighteye/backend/database.py", line 180, in _execute
    await conn_to_use.execute(query, *params if params else [])
  File "/home/ubuntu/insighteye/insighteye/lib/python3.10/site-packages/asyncpg/connection.py", line 352, in execute
    _, status, _ = await self._execute(
  File "/home/ubuntu/insighteye/insighteye/lib/python3.10/site-packages/asyncpg/connection.py", line 1864, in _execute
    result, _ = await self.__execute(
  File "/home/ubuntu/insighteye/insighteye/lib/python3.10/site-packages/asyncpg/connection.py", line 1961, in __execute
    result, stmt = await self._do_execute(
  File "/home/ubuntu/insighteye/insighteye/lib/python3.10/site-packages/asyncpg/connection.py", line 2024, in _do_execute
    result = await executor(stmt, None)
  File "asyncpg/protocol/protocol.pyx", line 206, in bind_execute
asyncpg.exceptions.RaiseError: Cannot stop camera without stop_reason. Use 'user_action' for manual stops.

During handling of the above exception, another exception occurred:

Traceback (most recent call last):
  File "/home/ubuntu/insighteye/backend/database.py", line 130, in get_connection
    yield conn
  File "/home/ubuntu/insighteye/backend/database.py", line 196, in execute_query
    return await _execute(conn)
  File "/home/ubuntu/insighteye/backend/database.py", line 187, in _execute
    raise HTTPException(status_code=status.HTTP_500_INTERNAL_SERVER_ERROR, detail=f"A database error occurred: {db_err}")
fastapi.exceptions.HTTPException: 500: A database error occurred: Cannot stop camera without stop_reason. Use 'user_action' for manual stops.

During handling of the above exception, another exception occurred:

Traceback (most recent call last):
  File "/home/ubuntu/insighteye/backend/stream_one.py", line 963, in _stop_stream
    await self.db_manager.execute_query(
  File "/home/ubuntu/insighteye/backend/database.py", line 195, in execute_query
    async with self.get_connection() as conn:
  File "/usr/lib/python3.10/contextlib.py", line 217, in __aexit__
    await self.gen.athrow(typ, value, traceback)
  File "/home/ubuntu/insighteye/backend/database.py", line 139, in get_connection
    raise HTTPException(status_code=status.HTTP_500_INTERNAL_SERVER_ERROR, detail="Error acquiring database connection.")
fastapi.exceptions.HTTPException: 500: Error acquiring database connection.
[ WARN:7@2369881.454] global cap_ffmpeg_impl.hpp:453 _opencv_ffmpeg_interrupt_callback Stream timeout triggered after 30083.382655 ms
WARNING:root:Stream 56ca5445-cc78-4157-a5ca-505b5ce63d28 frozen (in-memory last_frame_time 58.6s ago). Queuing for restart.
[ WARN:7@2369911.511] global cap_ffmpeg_impl.hpp:453 _opencv_ffmpeg_interrupt_callback Stream timeout triggered after 30056.272658 ms
ERROR:root:Cannot read from video source: rtsp://admin:12345678@41.178.2.61:554/ch12/0
[ WARN:11@2369941.991] global cap_ffmpeg_impl.hpp:453 _opencv_ffmpeg_interrupt_callback Stream timeout triggered after 30055.803598 ms
WARNING:root:Stream 56ca5445-cc78-4157-a5ca-505b5ce63d28 frozen (in-memory last_frame_time 58.1s ago). Queuing for restart.
[ WARN:11@2369972.048] global cap_ffmpeg_impl.hpp:453 _opencv_ffmpeg_interrupt_callback Stream timeout triggered after 30055.483937 ms
ERROR:root:Cannot read from video source: rtsp://admin:12345678@41.178.2.61:554/ch12/0
[ WARN:5@2370002.011] global cap_ffmpeg_impl.hpp:453 _opencv_ffmpeg_interrupt_callback Stream timeout triggered after 30012.330252 ms
WARNING:root:Stream 56ca5445-cc78-4157-a5ca-505b5ce63d28 frozen (in-memory last_frame_time 58.0s ago). Queuing for restart.
[ WARN:5@2370032.069] global cap_ffmpeg_impl.hpp:453 _opencv_ffmpeg_interrupt_callback Stream timeout triggered after 30056.120868 ms
ERROR:root:Cannot read from video source: rtsp://admin:12345678@41.178.2.61:554/ch12/0
[ WARN:10@2370062.090] global cap_ffmpeg_impl.hpp:453 _opencv_ffmpeg_interrupt_callback Stream timeout triggered after 30036.532752 ms
WARNING:root:Stream 56ca5445-cc78-4157-a5ca-505b5ce63d28 frozen (in-memory last_frame_time 58.0s ago). Queuing for restart.
[ WARN:10@2370092.148] global cap_ffmpeg_impl.hpp:453 _opencv_ffmpeg_interrupt_callback Stream timeout triggered after 30056.279507 ms
ERROR:root:Cannot read from video source: rtsp://admin:12345678@41.178.2.61:554/ch12/0
[ WARN:2@2370122.183] global cap_ffmpeg_impl.hpp:453 _opencv_ffmpeg_interrupt_callback Stream timeout triggered after 30072.149927 ms
WARNING:root:Stream 56ca5445-cc78-4157-a5ca-505b5ce63d28 frozen (in-memory last_frame_time 58.0s ago). Queuing for restart.
[ WARN:2@2370152.243] global cap_ffmpeg_impl.hpp:453 _opencv_ffmpeg_interrupt_callback Stream timeout triggered after 30057.434792 ms
ERROR:root:Cannot read from video source: rtsp://admin:12345678@41.178.2.61:554/ch12/0
[ WARN:3@2370182.182] global cap_ffmpeg_impl.hpp:453 _opencv_ffmpeg_interrupt_callback Stream timeout triggered after 30021.018965 ms
WARNING:root:Stream 56ca5445-cc78-4157-a5ca-505b5ce63d28 frozen (in-memory last_frame_time 58.0s ago). Queuing for restart.
[ WARN:3@2370212.239] global cap_ffmpeg_impl.hpp:453 _opencv_ffmpeg_interrupt_callback Stream timeout triggered after 30056.124109 ms
ERROR:root:Cannot read from video source: rtsp://admin:12345678@41.178.2.61:554/ch12/0
[ WARN:0@2370242.262] global cap_ffmpeg_impl.hpp:453 _opencv_ffmpeg_interrupt_callback Stream timeout triggered after 30047.423327 ms
WARNING:root:Stream 56ca5445-cc78-4157-a5ca-505b5ce63d28 frozen (in-memory last_frame_time 58.0s ago). Queuing for restart.
[ WARN:0@2370272.321] global cap_ffmpeg_impl.hpp:453 _opencv_ffmpeg_interrupt_callback Stream timeout triggered after 30057.406650 ms
ERROR:root:Cannot read from video source: rtsp://admin:12345678@41.178.2.61:554/ch12/0
[ WARN:9@2370302.359] global cap_ffmpeg_impl.hpp:453 _opencv_ffmpeg_interrupt_callback Stream timeout triggered after 30079.585003 ms
WARNING:root:Stream 56ca5445-cc78-4157-a5ca-505b5ce63d28 frozen (in-memory last_frame_time 58.0s ago). Queuing for restart.
[ WARN:9@2370332.419] global cap_ffmpeg_impl.hpp:453 _opencv_ffmpeg_interrupt_callback Stream timeout triggered after 30059.532922 ms
ERROR:root:Cannot read from video source: rtsp://admin:12345678@41.178.2.61:554/ch12/0
[ WARN:11@2370362.357] global cap_ffmpeg_impl.hpp:453 _opencv_ffmpeg_interrupt_callback Stream timeout triggered after 30021.972429 ms
WARNING:root:Stream 56ca5445-cc78-4157-a5ca-505b5ce63d28 frozen (in-memory last_frame_time 58.0s ago). Queuing for restart.
[ WARN:11@2370392.416] global cap_ffmpeg_impl.hpp:453 _opencv_ffmpeg_interrupt_callback Stream timeout triggered after 30057.600734 ms
ERROR:root:Cannot read from video source: rtsp://admin:12345678@41.178.2.61:554/ch12/0
[ WARN:5@2370422.408] global cap_ffmpeg_impl.hpp:453 _opencv_ffmpeg_interrupt_callback Stream timeout triggered after 30012.809790 ms
WARNING:root:Stream 56ca5445-cc78-4157-a5ca-505b5ce63d28 frozen (in-memory last_frame_time 58.0s ago). Queuing for restart.
[ WARN:5@2370452.467] global cap_ffmpeg_impl.hpp:453 _opencv_ffmpeg_interrupt_callback Stream timeout triggered after 30057.901065 ms
ERROR:root:Cannot read from video source: rtsp://admin:12345678@41.178.2.61:554/ch12/0
[ WARN:10@2370482.538] global cap_ffmpeg_impl.hpp:453 _opencv_ffmpeg_interrupt_callback Stream timeout triggered after 30089.362796 ms
WARNING:root:Stream 56ca5445-cc78-4157-a5ca-505b5ce63d28 frozen (in-memory last_frame_time 58.0s ago). Queuing for restart.
[ WARN:10@2370512.596] global cap_ffmpeg_impl.hpp:453 _opencv_ffmpeg_interrupt_callback Stream timeout triggered after 30056.165228 ms
ERROR:root:Cannot read from video source: rtsp://admin:12345678@41.178.2.61:554/ch12/0
[ WARN:2@2370542.540] global cap_ffmpeg_impl.hpp:453 _opencv_ffmpeg_interrupt_callback Stream timeout triggered after 30041.518762 ms
WARNING:root:Stream 56ca5445-cc78-4157-a5ca-505b5ce63d28 frozen (in-memory last_frame_time 58.0s ago). Queuing for restart.
[ WARN:2@2370572.597] global cap_ffmpeg_impl.hpp:453 _opencv_ffmpeg_interrupt_callback Stream timeout triggered after 30056.357370 ms
ERROR:root:Cannot read from video source: rtsp://admin:12345678@41.178.2.61:554/ch12/0
[ WARN:3@2370602.559] global cap_ffmpeg_impl.hpp:453 _opencv_ffmpeg_interrupt_callback Stream timeout triggered after 30004.596973 ms
WARNING:root:Stream 56ca5445-cc78-4157-a5ca-505b5ce63d28 frozen (in-memory last_frame_time 58.0s ago). Queuing for restart.
[ WARN:3@2370632.615] global cap_ffmpeg_impl.hpp:453 _opencv_ffmpeg_interrupt_callback Stream timeout triggered after 30055.287768 ms
ERROR:root:Cannot read from video source: rtsp://admin:12345678@41.178.2.61:554/ch12/0
[ WARN:0@2370662.641] global cap_ffmpeg_impl.hpp:453 _opencv_ffmpeg_interrupt_callback Stream timeout triggered after 30034.319550 ms
WARNING:root:Stream 56ca5445-cc78-4157-a5ca-505b5ce63d28 frozen (in-memory last_frame_time 58.0s ago). Queuing for restart.
[ WARN:0@2370692.700] global cap_ffmpeg_impl.hpp:453 _opencv_ffmpeg_interrupt_callback Stream timeout triggered after 30057.525734 ms
ERROR:root:Cannot read from video source: rtsp://admin:12345678@41.178.2.61:554/ch12/0
[ WARN:9@2370722.718] global cap_ffmpeg_impl.hpp:453 _opencv_ffmpeg_interrupt_callback Stream timeout triggered after 30054.556597 ms
WARNING:root:Stream 56ca5445-cc78-4157-a5ca-505b5ce63d28 frozen (in-memory last_frame_time 58.0s ago). Queuing for restart.
[ WARN:9@2370752.778] global cap_ffmpeg_impl.hpp:453 _opencv_ffmpeg_interrupt_callback Stream timeout triggered after 30057.864816 ms
ERROR:root:Cannot read from video source: rtsp://admin:12345678@41.178.2.61:554/ch12/0
[ WARN:11@2370782.733] global cap_ffmpeg_impl.hpp:453 _opencv_ffmpeg_interrupt_callback Stream timeout triggered after 30016.166329 ms
WARNING:root:Stream 56ca5445-cc78-4157-a5ca-505b5ce63d28 frozen (in-memory last_frame_time 58.0s ago). Queuing for restart.
[ WARN:11@2370812.789] global cap_ffmpeg_impl.hpp:453 _opencv_ffmpeg_interrupt_callback Stream timeout triggered after 30054.776692 ms
ERROR:root:Cannot read from video source: rtsp://admin:12345678@41.178.2.61:554/ch12/0
[ WARN:5@2370842.859] global cap_ffmpeg_impl.hpp:453 _opencv_ffmpeg_interrupt_callback Stream timeout triggered after 30083.509685 ms
WARNING:root:Stream 56ca5445-cc78-4157-a5ca-505b5ce63d28 frozen (in-memory last_frame_time 58.0s ago). Queuing for restart.
[ WARN:5@2370872.917] global cap_ffmpeg_impl.hpp:453 _opencv_ffmpeg_interrupt_callback Stream timeout triggered after 30056.771730 ms
ERROR:root:Cannot read from video source: rtsp://admin:12345678@41.178.2.61:554/ch12/0
[ WARN:10@2370902.849] global cap_ffmpeg_impl.hpp:453 _opencv_ffmpeg_interrupt_callback Stream timeout triggered after 30022.073048 ms
WARNING:root:Stream 56ca5445-cc78-4157-a5ca-505b5ce63d28 frozen (in-memory last_frame_time 58.0s ago). Queuing for restart.
[ WARN:10@2370932.909] global cap_ffmpeg_impl.hpp:453 _opencv_ffmpeg_interrupt_callback Stream timeout triggered after 30058.181480 ms
ERROR:root:Cannot read from video source: rtsp://admin:12345678@41.178.2.61:554/ch12/0
[ WARN:2@2370962.888] global cap_ffmpeg_impl.hpp:453 _opencv_ffmpeg_interrupt_callback Stream timeout triggered after 30014.348429 ms
WARNING:root:Stream 56ca5445-cc78-4157-a5ca-505b5ce63d28 frozen (in-memory last_frame_time 58.0s ago). Queuing for restart.
[ WARN:2@2370992.946] global cap_ffmpeg_impl.hpp:453 _opencv_ffmpeg_interrupt_callback Stream timeout triggered after 30056.849585 ms
ERROR:root:Cannot read from video source: rtsp://admin:12345678@41.178.2.61:554/ch12/0
[ WARN:3@2371022.950] global cap_ffmpeg_impl.hpp:453 _opencv_ffmpeg_interrupt_callback Stream timeout triggered after 30016.008465 ms
WARNING:root:Stream 56ca5445-cc78-4157-a5ca-505b5ce63d28 frozen (in-memory last_frame_time 58.0s ago). Queuing for restart.
[ WARN:3@2371053.008] global cap_ffmpeg_impl.hpp:453 _opencv_ffmpeg_interrupt_callback Stream timeout triggered after 30056.604909 ms
ERROR:root:Cannot read from video source: rtsp://admin:12345678@41.178.2.61:554/ch12/0
[ WARN:0@2371083.026] global cap_ffmpeg_impl.hpp:453 _opencv_ffmpeg_interrupt_callback Stream timeout triggered after 30036.163201 ms
WARNING:root:Stream 56ca5445-cc78-4157-a5ca-505b5ce63d28 frozen (in-memory last_frame_time 58.0s ago). Queuing for restart.
[ WARN:0@2371113.084] global cap_ffmpeg_impl.hpp:453 _opencv_ffmpeg_interrupt_callback Stream timeout triggered after 30056.434005 ms
ERROR:root:Cannot read from video source: rtsp://admin:12345678@41.178.2.61:554/ch12/0
[ WARN:9@2371143.092] global cap_ffmpeg_impl.hpp:453 _opencv_ffmpeg_interrupt_callback Stream timeout triggered after 30050.898634 ms
WARNING:root:Stream 56ca5445-cc78-4157-a5ca-505b5ce63d28 frozen (in-memory last_frame_time 58.0s ago). Queuing for restart.
[ WARN:9@2371173.150] global cap_ffmpeg_impl.hpp:453 _opencv_ffmpeg_interrupt_callback Stream timeout triggered after 30057.056607 ms
ERROR:root:Cannot read from video source: rtsp://admin:12345678@41.178.2.61:554/ch12/0
[ WARN:11@2371203.196] global cap_ffmpeg_impl.hpp:453 _opencv_ffmpeg_interrupt_callback Stream timeout triggered after 30096.986808 ms
WARNING:root:Stream 56ca5445-cc78-4157-a5ca-505b5ce63d28 frozen (in-memory last_frame_time 58.0s ago). Queuing for restart.
[ WARN:11@2371233.256] global cap_ffmpeg_impl.hpp:453 _opencv_ffmpeg_interrupt_callback Stream timeout triggered after 30058.011600 ms
ERROR:root:Cannot read from video source: rtsp://admin:12345678@41.178.2.61:554/ch12/0
[ WARN:5@2371263.209] global cap_ffmpeg_impl.hpp:453 _opencv_ffmpeg_interrupt_callback Stream timeout triggered after 30050.521180 ms
WARNING:root:Stream 56ca5445-cc78-4157-a5ca-505b5ce63d28 frozen (in-memory last_frame_time 58.0s ago). Queuing for restart.
[ WARN:5@2371293.266] global cap_ffmpeg_impl.hpp:453 _opencv_ffmpeg_interrupt_callback Stream timeout triggered after 30055.993994 ms
ERROR:root:Cannot read from video source: rtsp://admin:12345678@41.178.2.61:554/ch12/0
[ WARN:10@2371323.243] global cap_ffmpeg_impl.hpp:453 _opencv_ffmpeg_interrupt_callback Stream timeout triggered after 30030.409364 ms
WARNING:root:Stream 56ca5445-cc78-4157-a5ca-505b5ce63d28 frozen (in-memory last_frame_time 58.0s ago). Queuing for restart.
[ WARN:10@2371353.302] global cap_ffmpeg_impl.hpp:453 _opencv_ffmpeg_interrupt_callback Stream timeout triggered after 30057.932431 ms
ERROR:root:Cannot read from video source: rtsp://admin:12345678@41.178.2.61:554/ch12/0
[ WARN:2@2371383.267] global cap_ffmpeg_impl.hpp:453 _opencv_ffmpeg_interrupt_callback Stream timeout triggered after 30001.543845 ms
WARNING:root:Stream 56ca5445-cc78-4157-a5ca-505b5ce63d28 frozen (in-memory last_frame_time 58.0s ago). Queuing for restart.
[ WARN:2@2371413.325] global cap_ffmpeg_impl.hpp:453 _opencv_ffmpeg_interrupt_callback Stream timeout triggered after 30056.209121 ms
ERROR:root:Cannot read from video source: rtsp://admin:12345678@41.178.2.61:554/ch12/0
[ WARN:3@2371443.410] global cap_ffmpeg_impl.hpp:453 _opencv_ffmpeg_interrupt_callback Stream timeout triggered after 30093.950867 ms
WARNING:root:Stream 56ca5445-cc78-4157-a5ca-505b5ce63d28 frozen (in-memory last_frame_time 58.0s ago). Queuing for restart.
[ WARN:3@2371473.467] global cap_ffmpeg_impl.hpp:453 _opencv_ffmpeg_interrupt_callback Stream timeout triggered after 30055.687420 ms
ERROR:root:Cannot read from video source: rtsp://admin:12345678@41.178.2.61:554/ch12/0
[ WARN:0@2371503.437] global cap_ffmpeg_impl.hpp:453 _opencv_ffmpeg_interrupt_callback Stream timeout triggered after 30070.179542 ms
WARNING:root:Stream 56ca5445-cc78-4157-a5ca-505b5ce63d28 frozen (in-memory last_frame_time 58.0s ago). Queuing for restart.
[ WARN:0@2371533.494] global cap_ffmpeg_impl.hpp:453 _opencv_ffmpeg_interrupt_callback Stream timeout triggered after 30055.829338 ms
ERROR:root:Cannot read from video source: rtsp://admin:12345678@41.178.2.61:554/ch12/0
[ WARN:9@2371563.466] global cap_ffmpeg_impl.hpp:453 _opencv_ffmpeg_interrupt_callback Stream timeout triggered after 30048.886720 ms
WARNING:root:Stream 56ca5445-cc78-4157-a5ca-505b5ce63d28 frozen (in-memory last_frame_time 58.0s ago). Queuing for restart.
[ WARN:9@2371593.524] global cap_ffmpeg_impl.hpp:453 _opencv_ffmpeg_interrupt_callback Stream timeout triggered after 30056.387725 ms
ERROR:root:Cannot read from video source: rtsp://admin:12345678@41.178.2.61:554/ch12/0
[ WARN:11@2371623.519] global cap_ffmpeg_impl.hpp:453 _opencv_ffmpeg_interrupt_callback Stream timeout triggered after 30046.720031 ms
WARNING:root:Stream 56ca5445-cc78-4157-a5ca-505b5ce63d28 frozen (in-memory last_frame_time 58.0s ago). Queuing for restart.
[ WARN:11@2371653.580] global cap_ffmpeg_impl.hpp:453 _opencv_ffmpeg_interrupt_callback Stream timeout triggered after 30059.486782 ms
ERROR:root:Cannot read from video source: rtsp://admin:12345678@41.178.2.61:554/ch12/0
[ WARN:5@2371683.591] global cap_ffmpeg_impl.hpp:453 _opencv_ffmpeg_interrupt_callback Stream timeout triggered after 30069.904047 ms
WARNING:root:Stream 56ca5445-cc78-4157-a5ca-505b5ce63d28 frozen (in-memory last_frame_time 58.0s ago). Queuing for restart.
[ WARN:5@2371713.649] global cap_ffmpeg_impl.hpp:453 _opencv_ffmpeg_interrupt_callback Stream timeout triggered after 30055.840710 ms
ERROR:root:Cannot read from video source: rtsp://admin:12345678@41.178.2.61:554/ch12/0
[ WARN:10@2371743.583] global cap_ffmpeg_impl.hpp:453 _opencv_ffmpeg_interrupt_callback Stream timeout triggered after 30007.893241 ms
WARNING:root:Stream 56ca5445-cc78-4157-a5ca-505b5ce63d28 frozen (in-memory last_frame_time 58.0s ago). Queuing for restart.
[ WARN:10@2371773.640] global cap_ffmpeg_impl.hpp:453 _opencv_ffmpeg_interrupt_callback Stream timeout triggered after 30056.186583 ms
ERROR:root:Cannot read from video source: rtsp://admin:12345678@41.178.2.61:554/ch12/0
[ WARN:2@2371803.686] global cap_ffmpeg_impl.hpp:453 _opencv_ffmpeg_interrupt_callback Stream timeout triggered after 30052.891927 ms
WARNING:root:Stream 56ca5445-cc78-4157-a5ca-505b5ce63d28 frozen (in-memory last_frame_time 58.0s ago). Queuing for restart.
[ WARN:2@2371833.745] global cap_ffmpeg_impl.hpp:453 _opencv_ffmpeg_interrupt_callback Stream timeout triggered after 30056.563181 ms
ERROR:root:Cannot read from video source: rtsp://admin:12345678@41.178.2.61:554/ch12/0
[ WARN:3@2371863.742] global cap_ffmpeg_impl.hpp:453 _opencv_ffmpeg_interrupt_callback Stream timeout triggered after 30055.280090 ms
WARNING:root:Stream 56ca5445-cc78-4157-a5ca-505b5ce63d28 frozen (in-memory last_frame_time 58.0s ago). Queuing for restart.
[ WARN:3@2371893.799] global cap_ffmpeg_impl.hpp:453 _opencv_ffmpeg_interrupt_callback Stream timeout triggered after 30055.416575 ms
ERROR:root:Cannot read from video source: rtsp://admin:12345678@41.178.2.61:554/ch12/0
[ WARN:0@2371923.835] global cap_ffmpeg_impl.hpp:453 _opencv_ffmpeg_interrupt_callback Stream timeout triggered after 30087.732608 ms
WARNING:root:Stream 56ca5445-cc78-4157-a5ca-505b5ce63d28 frozen (in-memory last_frame_time 58.0s ago). Queuing for restart.
[ WARN:0@2371953.893] global cap_ffmpeg_impl.hpp:453 _opencv_ffmpeg_interrupt_callback Stream timeout triggered after 30056.456291 ms
ERROR:root:Cannot read from video source: rtsp://admin:12345678@41.178.2.61:554/ch12/0
[ WARN:9@2371983.835] global cap_ffmpeg_impl.hpp:453 _opencv_ffmpeg_interrupt_callback Stream timeout triggered after 30038.461226 ms
WARNING:root:Stream 56ca5445-cc78-4157-a5ca-505b5ce63d28 frozen (in-memory last_frame_time 58.0s ago). Queuing for restart.
[ WARN:9@2372013.892] global cap_ffmpeg_impl.hpp:453 _opencv_ffmpeg_interrupt_callback Stream timeout triggered after 30055.367386 ms
ERROR:root:Cannot read from video source: rtsp://admin:12345678@41.178.2.61:554/ch12/0
[ WARN:11@2372043.899] global cap_ffmpeg_impl.hpp:453 _opencv_ffmpeg_interrupt_callback Stream timeout triggered after 30045.890581 ms
WARNING:root:Stream 56ca5445-cc78-4157-a5ca-505b5ce63d28 frozen (in-memory last_frame_time 58.0s ago). Queuing for restart.
[ WARN:11@2372073.959] global cap_ffmpeg_impl.hpp:453 _opencv_ffmpeg_interrupt_callback Stream timeout triggered after 30058.216221 ms
ERROR:root:Cannot read from video source: rtsp://admin:12345678@41.178.2.61:554/ch12/0
[ WARN:5@2372103.970] global cap_ffmpeg_impl.hpp:453 _opencv_ffmpeg_interrupt_callback Stream timeout triggered after 30073.017613 ms
WARNING:root:Stream 56ca5445-cc78-4157-a5ca-505b5ce63d28 frozen (in-memory last_frame_time 58.0s ago). Queuing for restart.
[ WARN:5@2372134.028] global cap_ffmpeg_impl.hpp:453 _opencv_ffmpeg_interrupt_callback Stream timeout triggered after 30057.077417 ms
ERROR:root:Cannot read from video source: rtsp://admin:12345678@41.178.2.61:554/ch12/0
[ WARN:10@2372163.995] global cap_ffmpeg_impl.hpp:453 _opencv_ffmpeg_interrupt_callback Stream timeout triggered after 30046.973531 ms
WARNING:root:Stream 56ca5445-cc78-4157-a5ca-505b5ce63d28 frozen (in-memory last_frame_time 58.0s ago). Queuing for restart.
[ WARN:10@2372194.054] global cap_ffmpeg_impl.hpp:453 _opencv_ffmpeg_interrupt_callback Stream timeout triggered after 30056.858488 ms
ERROR:root:Cannot read from video source: rtsp://admin:12345678@41.178.2.61:554/ch12/0
[ WARN:2@2372224.064] global cap_ffmpeg_impl.hpp:453 _opencv_ffmpeg_interrupt_callback Stream timeout triggered after 30050.194235 ms
WARNING:root:Stream 56ca5445-cc78-4157-a5ca-505b5ce63d28 frozen (in-memory last_frame_time 58.0s ago). Queuing for restart.
[ WARN:2@2372254.123] global cap_ffmpeg_impl.hpp:453 _opencv_ffmpeg_interrupt_callback Stream timeout triggered after 30058.345958 ms
ERROR:root:Cannot read from video source: rtsp://admin:12345678@41.178.2.61:554/ch12/0
[ WARN:3@2372284.157] global cap_ffmpeg_impl.hpp:453 _opencv_ffmpeg_interrupt_callback Stream timeout triggered after 30099.152521 ms
WARNING:root:Stream 56ca5445-cc78-4157-a5ca-505b5ce63d28 frozen (in-memory last_frame_time 58.0s ago). Queuing for restart.
[ WARN:3@2372314.214] global cap_ffmpeg_impl.hpp:453 _opencv_ffmpeg_interrupt_callback Stream timeout triggered after 30055.806884 ms
ERROR:root:Cannot read from video source: rtsp://admin:12345678@41.178.2.61:554/ch12/0
[ WARN:0@2372344.127] global cap_ffmpeg_impl.hpp:453 _opencv_ffmpeg_interrupt_callback Stream timeout triggered after 30022.020512 ms
WARNING:root:Stream 56ca5445-cc78-4157-a5ca-505b5ce63d28 frozen (in-memory last_frame_time 58.0s ago). Queuing for restart.
[ WARN:0@2372374.183] global cap_ffmpeg_impl.hpp:453 _opencv_ffmpeg_interrupt_callback Stream timeout triggered after 30055.197611 ms
ERROR:root:Cannot read from video source: rtsp://admin:12345678@41.178.2.61:554/ch12/0
[ WARN:9@2372404.217] global cap_ffmpeg_impl.hpp:453 _opencv_ffmpeg_interrupt_callback Stream timeout triggered after 30055.745645 ms
WARNING:root:Stream 56ca5445-cc78-4157-a5ca-505b5ce63d28 frozen (in-memory last_frame_time 58.0s ago). Queuing for restart.
[ WARN:9@2372434.274] global cap_ffmpeg_impl.hpp:453 _opencv_ffmpeg_interrupt_callback Stream timeout triggered after 30055.984697 ms
ERROR:root:Cannot read from video source: rtsp://admin:12345678@41.178.2.61:554/ch12/0
[ WARN:11@2372464.279] global cap_ffmpeg_impl.hpp:453 _opencv_ffmpeg_interrupt_callback Stream timeout triggered after 30059.831113 ms
WARNING:root:Stream 56ca5445-cc78-4157-a5ca-505b5ce63d28 frozen (in-memory last_frame_time 58.0s ago). Queuing for restart.
[ WARN:11@2372494.339] global cap_ffmpeg_impl.hpp:453 _opencv_ffmpeg_interrupt_callback Stream timeout triggered after 30058.805275 ms
ERROR:root:Cannot read from video source: rtsp://admin:12345678@41.178.2.61:554/ch12/0
[ WARN:5@2372524.286] global cap_ffmpeg_impl.hpp:453 _opencv_ffmpeg_interrupt_callback Stream timeout triggered after 30006.597319 ms
WARNING:root:Stream 56ca5445-cc78-4157-a5ca-505b5ce63d28 frozen (in-memory last_frame_time 58.0s ago). Queuing for restart.
[ WARN:5@2372554.342] global cap_ffmpeg_impl.hpp:453 _opencv_ffmpeg_interrupt_callback Stream timeout triggered after 30054.802121 ms
ERROR:root:Cannot read from video source: rtsp://admin:12345678@41.178.2.61:554/ch12/0
[ WARN:10@2372584.378] global cap_ffmpeg_impl.hpp:453 _opencv_ffmpeg_interrupt_callback Stream timeout triggered after 30048.514851 ms
WARNING:root:Stream 56ca5445-cc78-4157-a5ca-505b5ce63d28 frozen (in-memory last_frame_time 58.0s ago). Queuing for restart.
[ WARN:10@2372614.436] global cap_ffmpeg_impl.hpp:453 _opencv_ffmpeg_interrupt_callback Stream timeout triggered after 30056.164144 ms
ERROR:root:Cannot read from video source: rtsp://admin:12345678@41.178.2.61:554/ch12/0
[ WARN:2@2372644.475] global cap_ffmpeg_impl.hpp:453 _opencv_ffmpeg_interrupt_callback Stream timeout triggered after 30090.848075 ms
WARNING:root:Stream 56ca5445-cc78-4157-a5ca-505b5ce63d28 frozen (in-memory last_frame_time 58.0s ago). Queuing for restart.
[ WARN:2@2372674.533] global cap_ffmpeg_impl.hpp:453 _opencv_ffmpeg_interrupt_callback Stream timeout triggered after 30056.114756 ms
ERROR:root:Cannot read from video source: rtsp://admin:12345678@41.178.2.61:554/ch12/0
[ WARN:3@2372704.469] global cap_ffmpeg_impl.hpp:453 _opencv_ffmpeg_interrupt_callback Stream timeout triggered after 30037.757629 ms
WARNING:root:Stream 56ca5445-cc78-4157-a5ca-505b5ce63d28 frozen (in-memory last_frame_time 58.0s ago). Queuing for restart.
[ WARN:3@2372734.526] global cap_ffmpeg_impl.hpp:453 _opencv_ffmpeg_interrupt_callback Stream timeout triggered after 30055.842963 ms
ERROR:root:Cannot read from video source: rtsp://admin:12345678@41.178.2.61:554/ch12/0
[ WARN:0@2372764.492] global cap_ffmpeg_impl.hpp:453 _opencv_ffmpeg_interrupt_callback Stream timeout triggered after 30023.242827 ms
WARNING:root:Stream 56ca5445-cc78-4157-a5ca-505b5ce63d28 frozen (in-memory last_frame_time 58.0s ago). Queuing for restart.
[ WARN:0@2372794.548] global cap_ffmpeg_impl.hpp:453 _opencv_ffmpeg_interrupt_callback Stream timeout triggered after 30054.761583 ms
ERROR:root:Cannot read from video source: rtsp://admin:12345678@41.178.2.61:554/ch12/0
[ WARN:9@2372824.561] global cap_ffmpeg_impl.hpp:453 _opencv_ffmpeg_interrupt_callback Stream timeout triggered after 30024.775929 ms
WARNING:root:Stream 56ca5445-cc78-4157-a5ca-505b5ce63d28 frozen (in-memory last_frame_time 58.0s ago). Queuing for restart.
[ WARN:9@2372854.617] global cap_ffmpeg_impl.hpp:453 _opencv_ffmpeg_interrupt_callback Stream timeout triggered after 30054.746470 ms
ERROR:root:Cannot read from video source: rtsp://admin:12345678@41.178.2.61:554/ch12/0
[ WARN:11@2372884.612] global cap_ffmpeg_impl.hpp:453 _opencv_ffmpeg_interrupt_callback Stream timeout triggered after 30025.699321 ms
[ WARN:11@2372914.669] global cap_ffmpeg_impl.hpp:453 _opencv_ffmpeg_interrupt_callback Stream timeout triggered after 30055.704461 ms
ERROR:root:Cannot read from video source: rtsp://admin:12345678@41.178.2.61:554/ch12/0
[ WARN:5@2372914.682] global cap_ffmpeg_impl.hpp:453 _opencv_ffmpeg_interrupt_callback Stream timeout triggered after 30068.201173 ms
[ WARN:5@2372944.685] global cap_ffmpeg_impl.hpp:453 _opencv_ffmpeg_interrupt_callback Stream timeout triggered after 30002.137907 ms
ERROR:root:Cannot read from video source: rtsp://admin:12345678@41.178.2.61:554/ch12/0
WARNING:root:Validation attempt 1 failed, retrying in 1s...
WARNING:root:Stream 56ca5445-cc78-4157-a5ca-505b5ce63d28 frozen (in-memory last_frame_time 102.2s ago). Queuing for restart.
[ WARN:8@2372975.724] global cap_ffmpeg_impl.hpp:453 _opencv_ffmpeg_interrupt_callback Stream timeout triggered after 30034.957296 ms
[ WARN:8@2373005.732] global cap_ffmpeg_impl.hpp:453 _opencv_ffmpeg_interrupt_callback Stream timeout triggered after 30006.334212 ms
ERROR:root:Cannot read from video source: rtsp://admin:12345678@41.178.2.61:554/ch12/0
[ WARN:4@2373005.754] global cap_ffmpeg_impl.hpp:453 _opencv_ffmpeg_interrupt_callback Stream timeout triggered after 30027.050012 ms
WARNING:root:Stream 56ca5445-cc78-4157-a5ca-505b5ce63d28 frozen (in-memory last_frame_time 58.1s ago). Queuing for restart.
[ WARN:4@2373035.797] global cap_ffmpeg_impl.hpp:453 _opencv_ffmpeg_interrupt_callback Stream timeout triggered after 30041.630509 ms
ERROR:root:Cannot read from video source: rtsp://admin:12345678@41.178.2.61:554/ch12/0
WARNING:root:🔥 NEW FIRE DETECTION: FIRE detected in e5363bb0-6d8e-49c6-b548-78110a42eddc at frame 30
WARNING:root:🔥 NEW FIRE DETECTION: FIRE detected in e5363bb0-6d8e-49c6-b548-78110a42eddc at frame 18030
WARNING:root:SENDING FIRE NOTIFICATION: 🔥 FIRE/SMOKE ALERT: FIRE detected in test3 for stream e5363bb0-6d8e-49c6-b548-78110a42eddc
WARNING:root:No WebSocket subscribers for user 1eb98c01-19d9-4f5f-8954-12c11cdc6cf3 to receive fire alert
WARNING:root:🔥 FIRE NOTIFICATION SENT for e5363bb0-6d8e-49c6-b548-78110a42eddc. Next available: 2025-12-23 20:12:21.070313+02:00
[ WARN:5@2373064.914] global cap_ffmpeg_impl.hpp:453 _opencv_ffmpeg_interrupt_callback Stream timeout triggered after 30001.546558 ms
WARNING:root:Stream 56ca5445-cc78-4157-a5ca-505b5ce63d28 frozen (in-memory last_frame_time 58.1s ago). Queuing for restart.
[ WARN:5@2373094.955] global cap_ffmpeg_impl.hpp:453 _opencv_ffmpeg_interrupt_callback Stream timeout triggered after 30040.350604 ms
ERROR:root:Cannot read from video source: rtsp://admin:12345678@41.178.2.61:554/ch12/0
WARNING:root:🌊 FIRE CLEARED: e5363bb0-6d8e-49c6-b548-78110a42eddc changed from 'fire' to 'no detection' at frame 40
[ WARN:11@2373125.073] global cap_ffmpeg_impl.hpp:453 _opencv_ffmpeg_interrupt_callback Stream timeout triggered after 30048.684974 ms
WARNING:root:🔥 NEW FIRE DETECTION: FIRE detected in e5363bb0-6d8e-49c6-b548-78110a42eddc at frame 50
WARNING:root:Stream 56ca5445-cc78-4157-a5ca-505b5ce63d28 frozen (in-memory last_frame_time 58.1s ago). Queuing for restart.
[ WARN:11@2373155.088] global cap_ffmpeg_impl.hpp:453 _opencv_ffmpeg_interrupt_callback Stream timeout triggered after 30014.278667 ms
ERROR:root:Cannot read from video source: rtsp://admin:12345678@41.178.2.61:554/ch12/0
[ WARN:5@2373185.204] global cap_ffmpeg_impl.hpp:453 _opencv_ffmpeg_interrupt_callback Stream timeout triggered after 30086.194947 ms
WARNING:root:🌊 FIRE CLEARED: e5363bb0-6d8e-49c6-b548-78110a42eddc changed from 'fire' to 'no detection' at frame 60
WARNING:root:Stream 56ca5445-cc78-4157-a5ca-505b5ce63d28 frozen (in-memory last_frame_time 58.1s ago). Queuing for restart.
[ WARN:5@2373215.222] global cap_ffmpeg_impl.hpp:453 _opencv_ffmpeg_interrupt_callback Stream timeout triggered after 30016.509547 ms
ERROR:root:Cannot read from video source: rtsp://admin:12345678@41.178.2.61:554/ch12/0
[ WARN:7@2373245.272] global cap_ffmpeg_impl.hpp:453 _opencv_ffmpeg_interrupt_callback Stream timeout triggered after 30065.363242 ms
WARNING:root:Stream 56ca5445-cc78-4157-a5ca-505b5ce63d28 frozen (in-memory last_frame_time 58.1s ago). Queuing for restart.
[ WARN:7@2373275.279] global cap_ffmpeg_impl.hpp:453 _opencv_ffmpeg_interrupt_callback Stream timeout triggered after 30005.232897 ms
ERROR:root:Cannot read from video source: rtsp://admin:12345678@41.178.2.61:554/ch12/0
[ WARN:1@2373305.307] global cap_ffmpeg_impl.hpp:453 _opencv_ffmpeg_interrupt_callback Stream timeout triggered after 30008.901303 ms
WARNING:root:🔥 NEW FIRE DETECTION: FIRE detected in e5363bb0-6d8e-49c6-b548-78110a42eddc at frame 90
WARNING:root:Stream 56ca5445-cc78-4157-a5ca-505b5ce63d28 frozen (in-memory last_frame_time 58.1s ago). Queuing for restart.
[ WARN:1@2373335.338] global cap_ffmpeg_impl.hpp:453 _opencv_ffmpeg_interrupt_callback Stream timeout triggered after 30029.057320 ms
ERROR:root:Cannot read from video source: rtsp://admin:12345678@41.178.2.61:554/ch12/0
[ WARN:2@2373365.444] global cap_ffmpeg_impl.hpp:453 _opencv_ffmpeg_interrupt_callback Stream timeout triggered after 30063.794034 ms
WARNING:root:🌊 FIRE CLEARED: e5363bb0-6d8e-49c6-b548-78110a42eddc changed from 'fire' to 'no detection' at frame 100
WARNING:root:Stream 56ca5445-cc78-4157-a5ca-505b5ce63d28 frozen (in-memory last_frame_time 58.1s ago). Queuing for restart.
[ WARN:2@2373395.469] global cap_ffmpeg_impl.hpp:453 _opencv_ffmpeg_interrupt_callback Stream timeout triggered after 30023.116788 ms
ERROR:root:Cannot read from video source: rtsp://admin:12345678@41.178.2.61:554/ch12/0
[ WARN:8@2373425.481] global cap_ffmpeg_impl.hpp:453 _opencv_ffmpeg_interrupt_callback Stream timeout triggered after 30017.207116 ms
WARNING:root:Stream 56ca5445-cc78-4157-a5ca-505b5ce63d28 frozen (in-memory last_frame_time 58.1s ago). Queuing for restart.
[ WARN:8@2373455.508] global cap_ffmpeg_impl.hpp:453 _opencv_ffmpeg_interrupt_callback Stream timeout triggered after 30024.512634 ms
ERROR:root:Cannot read from video source: rtsp://admin:12345678@41.178.2.61:554/ch12/0
[ WARN:7@2373485.582] global cap_ffmpeg_impl.hpp:453 _opencv_ffmpeg_interrupt_callback Stream timeout triggered after 30019.252892 ms
WARNING:root:Stream 56ca5445-cc78-4157-a5ca-505b5ce63d28 frozen (in-memory last_frame_time 58.1s ago). Queuing for restart.
[ WARN:7@2373515.630] global cap_ffmpeg_impl.hpp:453 _opencv_ffmpeg_interrupt_callback Stream timeout triggered after 30046.096312 ms
ERROR:root:Cannot read from video source: rtsp://admin:12345678@41.178.2.61:554/ch12/0
[ WARN:5@2373545.676] global cap_ffmpeg_impl.hpp:453 _opencv_ffmpeg_interrupt_callback Stream timeout triggered after 30022.813007 ms
WARNING:root:Stream 56ca5445-cc78-4157-a5ca-505b5ce63d28 frozen (in-memory last_frame_time 58.1s ago). Queuing for restart.
[ WARN:5@2373575.685] global cap_ffmpeg_impl.hpp:453 _opencv_ffmpeg_interrupt_callback Stream timeout triggered after 30004.443171 ms
ERROR:root:Cannot read from video source: rtsp://admin:12345678@41.178.2.61:554/ch12/0
[ WARN:11@2373605.822] global cap_ffmpeg_impl.hpp:453 _opencv_ffmpeg_interrupt_callback Stream timeout triggered after 30058.467771 ms
WARNING:root:🔥 NEW FIRE DETECTION: FIRE detected in e5363bb0-6d8e-49c6-b548-78110a42eddc at frame 160
WARNING:root:🔥 NEW FIRE DETECTION: FIRE detected in e5363bb0-6d8e-49c6-b548-78110a42eddc at frame 96160
WARNING:root:SENDING FIRE NOTIFICATION: 🔥 FIRE/SMOKE ALERT: FIRE detected in test3 for stream e5363bb0-6d8e-49c6-b548-78110a42eddc
WARNING:root:No WebSocket subscribers for user 1eb98c01-19d9-4f5f-8954-12c11cdc6cf3 to receive fire alert
WARNING:root:🔥 FIRE NOTIFICATION SENT for e5363bb0-6d8e-49c6-b548-78110a42eddc. Next available: 2025-12-23 20:22:06.374729+02:00
WARNING:root:Stream 56ca5445-cc78-4157-a5ca-505b5ce63d28 frozen (in-memory last_frame_time 58.1s ago). Queuing for restart.
[ WARN:11@2373635.865] global cap_ffmpeg_impl.hpp:453 _opencv_ffmpeg_interrupt_callback Stream timeout triggered after 30039.762662 ms
ERROR:root:Cannot read from video source: rtsp://admin:12345678@41.178.2.61:554/ch12/0
[ WARN:2@2373665.952] global cap_ffmpeg_impl.hpp:453 _opencv_ffmpeg_interrupt_callback Stream timeout triggered after 30088.627891 ms
WARNING:root:🌊 FIRE CLEARED: e5363bb0-6d8e-49c6-b548-78110a42eddc changed from 'fire' to 'no detection' at frame 170
WARNING:root:Stream 56ca5445-cc78-4157-a5ca-505b5ce63d28 frozen (in-memory last_frame_time 58.1s ago). Queuing for restart.
[ WARN:2@2373695.972] global cap_ffmpeg_impl.hpp:453 _opencv_ffmpeg_interrupt_callback Stream timeout triggered after 30019.047866 ms
ERROR:root:Cannot read from video source: rtsp://admin:12345678@41.178.2.61:554/ch12/0
[ WARN:1@2373726.035] global cap_ffmpeg_impl.hpp:453 _opencv_ffmpeg_interrupt_callback Stream timeout triggered after 30065.471500 ms
WARNING:root:Stream 56ca5445-cc78-4157-a5ca-505b5ce63d28 frozen (in-memory last_frame_time 58.1s ago). Queuing for restart.
[ WARN:1@2373756.065] global cap_ffmpeg_impl.hpp:453 _opencv_ffmpeg_interrupt_callback Stream timeout triggered after 30028.536365 ms
ERROR:root:Cannot read from video source: rtsp://admin:12345678@41.178.2.61:554/ch12/0
[ WARN:3@2373786.107] global cap_ffmpeg_impl.hpp:453 _opencv_ffmpeg_interrupt_callback Stream timeout triggered after 30031.697883 ms
WARNING:root:Stream 56ca5445-cc78-4157-a5ca-505b5ce63d28 frozen (in-memory last_frame_time 58.1s ago). Queuing for restart.
[ WARN:3@2373816.117] global cap_ffmpeg_impl.hpp:453 _opencv_ffmpeg_interrupt_callback Stream timeout triggered after 30008.723003 ms
ERROR:root:Cannot read from video source: rtsp://admin:12345678@41.178.2.61:554/ch12/0
[ WARN:4@2373846.266] global cap_ffmpeg_impl.hpp:453 _opencv_ffmpeg_interrupt_callback Stream timeout triggered after 30093.645813 ms
WARNING:root:Stream 56ca5445-cc78-4157-a5ca-505b5ce63d28 frozen (in-memory last_frame_time 58.1s ago). Queuing for restart.
[ WARN:4@2373876.286] global cap_ffmpeg_impl.hpp:453 _opencv_ffmpeg_interrupt_callback Stream timeout triggered after 30018.940944 ms
ERROR:root:Cannot read from video source: rtsp://admin:12345678@41.178.2.61:554/ch12/0
[ WARN:3@2373906.388] global cap_ffmpeg_impl.hpp:453 _opencv_ffmpeg_interrupt_callback Stream timeout triggered after 30096.053932 ms
WARNING:root:Stream 56ca5445-cc78-4157-a5ca-505b5ce63d28 frozen (in-memory last_frame_time 58.1s ago). Queuing for restart.
[ WARN:3@2373936.392] global cap_ffmpeg_impl.hpp:453 _opencv_ffmpeg_interrupt_callback Stream timeout triggered after 30003.232587 ms
ERROR:root:Cannot read from video source: rtsp://admin:12345678@41.178.2.61:554/ch12/0
[ WARN:11@2373966.392] global cap_ffmpeg_impl.hpp:453 _opencv_ffmpeg_interrupt_callback Stream timeout triggered after 30007.935633 ms
WARNING:root:Stream 56ca5445-cc78-4157-a5ca-505b5ce63d28 frozen (in-memory last_frame_time 58.1s ago). Queuing for restart.
[ WARN:11@2373996.396] global cap_ffmpeg_impl.hpp:453 _opencv_ffmpeg_interrupt_callback Stream timeout triggered after 30002.978142 ms
ERROR:root:Cannot read from video source: rtsp://admin:12345678@41.178.2.61:554/ch12/0
[ WARN:6@2374026.517] global cap_ffmpeg_impl.hpp:453 _opencv_ffmpeg_interrupt_callback Stream timeout triggered after 30040.416836 ms
WARNING:root:🔥 NEW FIRE DETECTION: FIRE detected in e5363bb0-6d8e-49c6-b548-78110a42eddc at frame 250
WARNING:root:🔥 NEW FIRE DETECTION: FIRE detected in e5363bb0-6d8e-49c6-b548-78110a42eddc at frame 150250
WARNING:root:SENDING FIRE NOTIFICATION: 🔥 FIRE/SMOKE ALERT: FIRE detected in test3 for stream e5363bb0-6d8e-49c6-b548-78110a42eddc
WARNING:root:No WebSocket subscribers for user 1eb98c01-19d9-4f5f-8954-12c11cdc6cf3 to receive fire alert
WARNING:root:🔥 FIRE NOTIFICATION SENT for e5363bb0-6d8e-49c6-b548-78110a42eddc. Next available: 2025-12-23 20:29:01.251704+02:00
WARNING:root:Stream 56ca5445-cc78-4157-a5ca-505b5ce63d28 frozen (in-memory last_frame_time 58.1s ago). Queuing for restart.
[ WARN:6@2374056.545] global cap_ffmpeg_impl.hpp:453 _opencv_ffmpeg_interrupt_callback Stream timeout triggered after 30026.618685 ms
ERROR:root:Cannot read from video source: rtsp://admin:12345678@41.178.2.61:554/ch12/0
[ WARN:2@2374086.680] global cap_ffmpeg_impl.hpp:453 _opencv_ffmpeg_interrupt_callback Stream timeout triggered after 30087.066456 ms
WARNING:root:🌊 FIRE CLEARED: e5363bb0-6d8e-49c6-b548-78110a42eddc changed from 'fire' to 'no detection' at frame 260
WARNING:root:Stream 56ca5445-cc78-4157-a5ca-505b5ce63d28 frozen (in-memory last_frame_time 58.1s ago). Queuing for restart.
[ WARN:2@2374116.693] global cap_ffmpeg_impl.hpp:453 _opencv_ffmpeg_interrupt_callback Stream timeout triggered after 30011.781269 ms
ERROR:root:Cannot read from video source: rtsp://admin:12345678@41.178.2.61:554/ch12/0
[ WARN:6@2374146.736] global cap_ffmpeg_impl.hpp:453 _opencv_ffmpeg_interrupt_callback Stream timeout triggered after 30067.409473 ms
WARNING:root:Stream 56ca5445-cc78-4157-a5ca-505b5ce63d28 frozen (in-memory last_frame_time 58.1s ago). Queuing for restart.
[ WARN:6@2374176.765] global cap_ffmpeg_impl.hpp:453 _opencv_ffmpeg_interrupt_callback Stream timeout triggered after 30028.015122 ms
ERROR:root:Cannot read from video source: rtsp://admin:12345678@41.178.2.61:554/ch12/0
[ WARN:5@2374206.843] global cap_ffmpeg_impl.hpp:453 _opencv_ffmpeg_interrupt_callback Stream timeout triggered after 30058.727792 ms
WARNING:root:Stream 56ca5445-cc78-4157-a5ca-505b5ce63d28 frozen (in-memory last_frame_time 58.1s ago). Queuing for restart.
[ WARN:5@2374236.856] global cap_ffmpeg_impl.hpp:453 _opencv_ffmpeg_interrupt_callback Stream timeout triggered after 30011.378238 ms
ERROR:root:Cannot read from video source: rtsp://admin:12345678@41.178.2.61:554/ch12/0
[ WARN:9@2374266.907] global cap_ffmpeg_impl.hpp:453 _opencv_ffmpeg_interrupt_callback Stream timeout triggered after 30030.399688 ms
WARNING:root:Stream 56ca5445-cc78-4157-a5ca-505b5ce63d28 frozen (in-memory last_frame_time 58.1s ago). Queuing for restart.
[ WARN:9@2374296.915] global cap_ffmpeg_impl.hpp:453 _opencv_ffmpeg_interrupt_callback Stream timeout triggered after 30004.462350 ms
ERROR:root:Cannot read from video source: rtsp://admin:12345678@41.178.2.61:554/ch12/0
[ WARN:1@2374327.024] global cap_ffmpeg_impl.hpp:453 _opencv_ffmpeg_interrupt_callback Stream timeout triggered after 30047.813915 ms
WARNING:root:Stream 56ca5445-cc78-4157-a5ca-505b5ce63d28 frozen (in-memory last_frame_time 58.1s ago). Queuing for restart.
[ WARN:1@2374357.046] global cap_ffmpeg_impl.hpp:453 _opencv_ffmpeg_interrupt_callback Stream timeout triggered after 30020.918713 ms
ERROR:root:Cannot read from video source: rtsp://admin:12345678@41.178.2.61:554/ch12/0
[ WARN:6@2374387.154] global cap_ffmpeg_impl.hpp:453 _opencv_ffmpeg_interrupt_callback Stream timeout triggered after 30080.755635 ms
WARNING:root:Stream 56ca5445-cc78-4157-a5ca-505b5ce63d28 frozen (in-memory last_frame_time 58.1s ago). Queuing for restart.
[ WARN:6@2374417.251] global cap_ffmpeg_impl.hpp:453 _opencv_ffmpeg_interrupt_callback Stream timeout triggered after 30095.457777 ms
ERROR:root:Cannot read from video source: rtsp://admin:12345678@41.178.2.61:554/ch12/0
[ WARN:11@2374447.185] global cap_ffmpeg_impl.hpp:453 _opencv_ffmpeg_interrupt_callback Stream timeout triggered after 30032.543073 ms
WARNING:root:Stream 56ca5445-cc78-4157-a5ca-505b5ce63d28 frozen (in-memory last_frame_time 58.1s ago). Queuing for restart.
[ WARN:11@2374477.206] global cap_ffmpeg_impl.hpp:453 _opencv_ffmpeg_interrupt_callback Stream timeout triggered after 30019.582856 ms
ERROR:root:Cannot read from video source: rtsp://admin:12345678@41.178.2.61:554/ch12/0
[ WARN:4@2374507.308] global cap_ffmpeg_impl.hpp:453 _opencv_ffmpeg_interrupt_callback Stream timeout triggered after 30045.088794 ms
WARNING:root:🔥 NEW FIRE DETECTION: FIRE detected in e5363bb0-6d8e-49c6-b548-78110a42eddc at frame 360
WARNING:root:🔥 NEW FIRE DETECTION: FIRE detected in e5363bb0-6d8e-49c6-b548-78110a42eddc at frame 216360
WARNING:root:SENDING FIRE NOTIFICATION: 🔥 FIRE/SMOKE ALERT: FIRE detected in test3 for stream e5363bb0-6d8e-49c6-b548-78110a42eddc
WARNING:root:No WebSocket subscribers for user 1eb98c01-19d9-4f5f-8954-12c11cdc6cf3 to receive fire alert
WARNING:root:🔥 FIRE NOTIFICATION SENT for e5363bb0-6d8e-49c6-b548-78110a42eddc. Next available: 2025-12-23 20:37:05.702026+02:00
WARNING:root:Stream 56ca5445-cc78-4157-a5ca-505b5ce63d28 frozen (in-memory last_frame_time 58.1s ago). Queuing for restart.
[ WARN:4@2374537.313] global cap_ffmpeg_impl.hpp:453 _opencv_ffmpeg_interrupt_callback Stream timeout triggered after 30004.206655 ms
ERROR:root:Cannot read from video source: rtsp://admin:12345678@41.178.2.61:554/ch12/0
[ WARN:8@2374567.374] global cap_ffmpeg_impl.hpp:453 _opencv_ffmpeg_interrupt_callback Stream timeout triggered after 30021.012963 ms
WARNING:root:🌊 FIRE CLEARED: e5363bb0-6d8e-49c6-b548-78110a42eddc changed from 'fire' to 'no detection' at frame 370
WARNING:root:Stream 56ca5445-cc78-4157-a5ca-505b5ce63d28 frozen (in-memory last_frame_time 58.1s ago). Queuing for restart.
[ WARN:8@2374597.396] global cap_ffmpeg_impl.hpp:453 _opencv_ffmpeg_interrupt_callback Stream timeout triggered after 30019.325010 ms
ERROR:root:Cannot read from video source: rtsp://admin:12345678@41.178.2.61:554/ch12/0
[ WARN:1@2374627.505] global cap_ffmpeg_impl.hpp:453 _opencv_ffmpeg_interrupt_callback Stream timeout triggered after 30072.134908 ms
WARNING:root:Stream 56ca5445-cc78-4157-a5ca-505b5ce63d28 frozen (in-memory last_frame_time 58.1s ago). Queuing for restart.
[ WARN:1@2374657.525] global cap_ffmpeg_impl.hpp:453 _opencv_ffmpeg_interrupt_callback Stream timeout triggered after 30018.590426 ms
ERROR:root:Cannot read from video source: rtsp://admin:12345678@41.178.2.61:554/ch12/0
[ WARN:3@2374687.550] global cap_ffmpeg_impl.hpp:453 _opencv_ffmpeg_interrupt_callback Stream timeout triggered after 30023.186289 ms
WARNING:root:Stream 56ca5445-cc78-4157-a5ca-505b5ce63d28 frozen (in-memory last_frame_time 58.1s ago). Queuing for restart.
[ WARN:3@2374717.572] global cap_ffmpeg_impl.hpp:453 _opencv_ffmpeg_interrupt_callback Stream timeout triggered after 30021.075759 ms
ERROR:root:Cannot read from video source: rtsp://admin:12345678@41.178.2.61:554/ch12/0
[ WARN:9@2374747.668] global cap_ffmpeg_impl.hpp:453 _opencv_ffmpeg_interrupt_callback Stream timeout triggered after 30039.830131 ms
[ WARN:9@2374777.725] global cap_ffmpeg_impl.hpp:453 _opencv_ffmpeg_interrupt_callback Stream timeout triggered after 30055.078763 ms
ERROR:root:Cannot read from video source: rtsp://admin:12345678@41.178.2.61:554/ch12/0
WARNING:root:🔥 NEW FIRE DETECTION: FIRE detected in e5363bb0-6d8e-49c6-b548-78110a42eddc at frame 10
WARNING:root:🌊 FIRE CLEARED: e5363bb0-6d8e-49c6-b548-78110a42eddc changed from 'fire' to 'no detection' at frame 20
WARNING:root:🔥 NEW FIRE DETECTION: FIRE detected in e5363bb0-6d8e-49c6-b548-78110a42eddc at frame 10
WARNING:root:🌊 FIRE CLEARED: e5363bb0-6d8e-49c6-b548-78110a42eddc changed from 'fire' to 'no detection' at frame 20
WARNING:root:🔥 NEW FIRE DETECTION: FIRE detected in e5363bb0-6d8e-49c6-b548-78110a42eddc at frame 50
WARNING:root:🌊 FIRE CLEARED: e5363bb0-6d8e-49c6-b548-78110a42eddc changed from 'fire' to 'no detection' at frame 60
WARNING:root:🔥 NEW FIRE DETECTION: FIRE detected in e5363bb0-6d8e-49c6-b548-78110a42eddc at frame 80
WARNING:root:🌊 FIRE CLEARED: e5363bb0-6d8e-49c6-b548-78110a42eddc changed from 'fire' to 'no detection' at frame 90
WARNING:root:🔥 NEW FIRE DETECTION: FIRE detected in e5363bb0-6d8e-49c6-b548-78110a42eddc at frame 10
WARNING:root:🌊 FIRE CLEARED: e5363bb0-6d8e-49c6-b548-78110a42eddc changed from 'fire' to 'no detection' at frame 20
WARNING:root:🔥 NEW FIRE DETECTION: FIRE detected in e5363bb0-6d8e-49c6-b548-78110a42eddc at frame 150
WARNING:root:🌊 FIRE CLEARED: e5363bb0-6d8e-49c6-b548-78110a42eddc changed from 'fire' to 'no detection' at frame 160
WARNING:root:🔥 NEW FIRE DETECTION: FIRE detected in e5363bb0-6d8e-49c6-b548-78110a42eddc at frame 230
WARNING:root:🌊 FIRE CLEARED: e5363bb0-6d8e-49c6-b548-78110a42eddc changed from 'fire' to 'no detection' at frame 240
[ WARN:7@2376745.515] global cap_ffmpeg_impl.hpp:453 _opencv_ffmpeg_interrupt_callback Stream timeout triggered after 30057.775051 ms
WARNING:root:Stream 6fd08b52-bc6a-4cc0-8a41-7ca6efd2fdba frozen (in-memory last_frame_time 46.0s ago). Queuing for restart.
[ WARN:7@2376775.575] global cap_ffmpeg_impl.hpp:453 _opencv_ffmpeg_interrupt_callback Stream timeout triggered after 30058.052693 ms
ERROR:root:Cannot read from video source: rtsp://admin:12345678@41.178.2.61:5511/ch14/0
[ WARN:2@2376793.570] global cap_ffmpeg_impl.hpp:453 _opencv_ffmpeg_interrupt_callback Stream timeout triggered after 30064.586500 ms
WARNING:root:Stream 6fd08b52-bc6a-4cc0-8a41-7ca6efd2fdba frozen (in-memory last_frame_time 58.0s ago). Queuing for restart.
[ WARN:2@2376823.627] global cap_ffmpeg_impl.hpp:453 _opencv_ffmpeg_interrupt_callback Stream timeout triggered after 30055.704320 ms
ERROR:root:Cannot read from video source: rtsp://admin:12345678@41.178.2.61:5511/ch14/0
[ WARN:5@2376853.589] global cap_ffmpeg_impl.hpp:453 _opencv_ffmpeg_interrupt_callback Stream timeout triggered after 30029.059052 ms
WARNING:root:Stream 6fd08b52-bc6a-4cc0-8a41-7ca6efd2fdba frozen (in-memory last_frame_time 58.0s ago). Queuing for restart.
[ WARN:5@2376883.646] global cap_ffmpeg_impl.hpp:453 _opencv_ffmpeg_interrupt_callback Stream timeout triggered after 30055.739610 ms
ERROR:root:Cannot read from video source: rtsp://admin:12345678@41.178.2.61:5511/ch14/0
[ WARN:0@2376913.653] global cap_ffmpeg_impl.hpp:453 _opencv_ffmpeg_interrupt_callback Stream timeout triggered after 30039.140863 ms
WARNING:root:Stream 6fd08b52-bc6a-4cc0-8a41-7ca6efd2fdba frozen (in-memory last_frame_time 58.0s ago). Queuing for restart.
[ WARN:0@2376943.711] global cap_ffmpeg_impl.hpp:453 _opencv_ffmpeg_interrupt_callback Stream timeout triggered after 30056.096848 ms
ERROR:root:Cannot read from video source: rtsp://admin:12345678@41.178.2.61:5511/ch14/0
[ WARN:10@2376973.742] global cap_ffmpeg_impl.hpp:453 _opencv_ffmpeg_interrupt_callback Stream timeout triggered after 30082.610389 ms
WARNING:root:Stream 6fd08b52-bc6a-4cc0-8a41-7ca6efd2fdba frozen (in-memory last_frame_time 58.0s ago). Queuing for restart.
[ WARN:10@2377003.800] global cap_ffmpeg_impl.hpp:453 _opencv_ffmpeg_interrupt_callback Stream timeout triggered after 30056.347856 ms
ERROR:root:Cannot read from video source: rtsp://admin:12345678@41.178.2.61:5511/ch14/0
[ WARN:3@2377033.736] global cap_ffmpeg_impl.hpp:453 _opencv_ffmpeg_interrupt_callback Stream timeout triggered after 30018.020241 ms
WARNING:root:Stream 6fd08b52-bc6a-4cc0-8a41-7ca6efd2fdba frozen (in-memory last_frame_time 58.0s ago). Queuing for restart.
[ WARN:3@2377063.792] global cap_ffmpeg_impl.hpp:453 _opencv_ffmpeg_interrupt_callback Stream timeout triggered after 30055.382363 ms
ERROR:root:Cannot read from video source: rtsp://admin:12345678@41.178.2.61:5511/ch14/0
[ WARN:9@2377093.802] global cap_ffmpeg_impl.hpp:453 _opencv_ffmpeg_interrupt_callback Stream timeout triggered after 30020.062136 ms
WARNING:root:Stream 6fd08b52-bc6a-4cc0-8a41-7ca6efd2fdba frozen (in-memory last_frame_time 58.0s ago). Queuing for restart.
[ WARN:9@2377123.861] global cap_ffmpeg_impl.hpp:453 _opencv_ffmpeg_interrupt_callback Stream timeout triggered after 30057.584110 ms
ERROR:root:Cannot read from video source: rtsp://admin:12345678@41.178.2.61:5511/ch14/0
[ WARN:7@2377153.916] global cap_ffmpeg_impl.hpp:453 _opencv_ffmpeg_interrupt_callback Stream timeout triggered after 30086.483501 ms
WARNING:root:Stream 6fd08b52-bc6a-4cc0-8a41-7ca6efd2fdba frozen (in-memory last_frame_time 58.0s ago). Queuing for restart.
[ WARN:7@2377183.974] global cap_ffmpeg_impl.hpp:453 _opencv_ffmpeg_interrupt_callback Stream timeout triggered after 30056.572982 ms
ERROR:root:Cannot read from video source: rtsp://admin:12345678@41.178.2.61:5511/ch14/0
[ WARN:2@2377213.961] global cap_ffmpeg_impl.hpp:453 _opencv_ffmpeg_interrupt_callback Stream timeout triggered after 30075.914701 ms
WARNING:root:Stream 6fd08b52-bc6a-4cc0-8a41-7ca6efd2fdba frozen (in-memory last_frame_time 58.0s ago). Queuing for restart.
[ WARN:2@2377244.020] global cap_ffmpeg_impl.hpp:453 _opencv_ffmpeg_interrupt_callback Stream timeout triggered after 30057.084590 ms
ERROR:root:Cannot read from video source: rtsp://admin:12345678@41.178.2.61:5511/ch14/0
[ WARN:5@2377274.034] global cap_ffmpeg_impl.hpp:453 _opencv_ffmpeg_interrupt_callback Stream timeout triggered after 30090.161982 ms
WARNING:root:Stream 6fd08b52-bc6a-4cc0-8a41-7ca6efd2fdba frozen (in-memory last_frame_time 58.0s ago). Queuing for restart.
[ WARN:5@2377304.091] global cap_ffmpeg_impl.hpp:453 _opencv_ffmpeg_interrupt_callback Stream timeout triggered after 30056.464835 ms
ERROR:root:Cannot read from video source: rtsp://admin:12345678@41.178.2.61:5511/ch14/0
[ WARN:0@2377334.063] global cap_ffmpeg_impl.hpp:453 _opencv_ffmpeg_interrupt_callback Stream timeout triggered after 30065.760578 ms
WARNING:root:Stream 6fd08b52-bc6a-4cc0-8a41-7ca6efd2fdba frozen (in-memory last_frame_time 58.0s ago). Queuing for restart.
[ WARN:0@2377364.121] global cap_ffmpeg_impl.hpp:453 _opencv_ffmpeg_interrupt_callback Stream timeout triggered after 30056.290859 ms
ERROR:root:Cannot read from video source: rtsp://admin:12345678@41.178.2.61:5511/ch14/0
[ WARN:10@2377394.119] global cap_ffmpeg_impl.hpp:453 _opencv_ffmpeg_interrupt_callback Stream timeout triggered after 30058.625518 ms
WARNING:root:Stream 6fd08b52-bc6a-4cc0-8a41-7ca6efd2fdba frozen (in-memory last_frame_time 58.0s ago). Queuing for restart.
[ WARN:10@2377424.178] global cap_ffmpeg_impl.hpp:453 _opencv_ffmpeg_interrupt_callback Stream timeout triggered after 30057.470065 ms
ERROR:root:Cannot read from video source: rtsp://admin:12345678@41.178.2.61:5511/ch14/0
[ WARN:3@2377454.113] global cap_ffmpeg_impl.hpp:453 _opencv_ffmpeg_interrupt_callback Stream timeout triggered after 30000.759128 ms
WARNING:root:Stream 6fd08b52-bc6a-4cc0-8a41-7ca6efd2fdba frozen (in-memory last_frame_time 58.0s ago). Queuing for restart.
[ WARN:3@2377484.170] global cap_ffmpeg_impl.hpp:453 _opencv_ffmpeg_interrupt_callback Stream timeout triggered after 30055.901688 ms
ERROR:root:Cannot read from video source: rtsp://admin:12345678@41.178.2.61:5511/ch14/0
[ WARN:9@2377514.191] global cap_ffmpeg_impl.hpp:453 _opencv_ffmpeg_interrupt_callback Stream timeout triggered after 30028.561456 ms
WARNING:root:Stream 6fd08b52-bc6a-4cc0-8a41-7ca6efd2fdba frozen (in-memory last_frame_time 58.0s ago). Queuing for restart.
[ WARN:9@2377544.248] global cap_ffmpeg_impl.hpp:453 _opencv_ffmpeg_interrupt_callback Stream timeout triggered after 30055.396886 ms
ERROR:root:Cannot read from video source: rtsp://admin:12345678@41.178.2.61:5511/ch14/0
[ WARN:7@2377574.260] global cap_ffmpeg_impl.hpp:453 _opencv_ffmpeg_interrupt_callback Stream timeout triggered after 30051.541034 ms
WARNING:root:Stream 6fd08b52-bc6a-4cc0-8a41-7ca6efd2fdba frozen (in-memory last_frame_time 58.0s ago). Queuing for restart.
[ WARN:7@2377604.317] global cap_ffmpeg_impl.hpp:453 _opencv_ffmpeg_interrupt_callback Stream timeout triggered after 30055.691731 ms
ERROR:root:Cannot read from video source: rtsp://admin:12345678@41.178.2.61:5511/ch14/0
[ WARN:2@2377634.359] global cap_ffmpeg_impl.hpp:453 _opencv_ffmpeg_interrupt_callback Stream timeout triggered after 30097.205778 ms
WARNING:root:Stream 6fd08b52-bc6a-4cc0-8a41-7ca6efd2fdba frozen (in-memory last_frame_time 58.0s ago). Queuing for restart.
[ WARN:2@2377664.417] global cap_ffmpeg_impl.hpp:453 _opencv_ffmpeg_interrupt_callback Stream timeout triggered after 30056.360998 ms
ERROR:root:Cannot read from video source: rtsp://admin:12345678@41.178.2.61:5511/ch14/0
[ WARN:5@2377694.397] global cap_ffmpeg_impl.hpp:453 _opencv_ffmpeg_interrupt_callback Stream timeout triggered after 30072.388218 ms
WARNING:root:Stream 6fd08b52-bc6a-4cc0-8a41-7ca6efd2fdba frozen (in-memory last_frame_time 58.0s ago). Queuing for restart.
[ WARN:5@2377724.455] global cap_ffmpeg_impl.hpp:453 _opencv_ffmpeg_interrupt_callback Stream timeout triggered after 30057.050967 ms
ERROR:root:Cannot read from video source: rtsp://admin:12345678@41.178.2.61:5511/ch14/0
[ WARN:0@2377754.437] global cap_ffmpeg_impl.hpp:453 _opencv_ffmpeg_interrupt_callback Stream timeout triggered after 30062.044990 ms
WARNING:root:Stream 6fd08b52-bc6a-4cc0-8a41-7ca6efd2fdba frozen (in-memory last_frame_time 58.0s ago). Queuing for restart.
[ WARN:0@2377784.495] global cap_ffmpeg_impl.hpp:453 _opencv_ffmpeg_interrupt_callback Stream timeout triggered after 30056.460163 ms
ERROR:root:Cannot read from video source: rtsp://admin:12345678@41.178.2.61:5511/ch14/0
[ WARN:10@2377814.438] global cap_ffmpeg_impl.hpp:453 _opencv_ffmpeg_interrupt_callback Stream timeout triggered after 30005.283722 ms
WARNING:root:Stream 6fd08b52-bc6a-4cc0-8a41-7ca6efd2fdba frozen (in-memory last_frame_time 58.0s ago). Queuing for restart.
[ WARN:10@2377844.495] global cap_ffmpeg_impl.hpp:453 _opencv_ffmpeg_interrupt_callback Stream timeout triggered after 30055.708699 ms
ERROR:root:Cannot read from video source: rtsp://admin:12345678@41.178.2.61:5511/ch14/0
[ WARN:3@2377874.542] global cap_ffmpeg_impl.hpp:453 _opencv_ffmpeg_interrupt_callback Stream timeout triggered after 30054.240632 ms
WARNING:root:Stream 6fd08b52-bc6a-4cc0-8a41-7ca6efd2fdba frozen (in-memory last_frame_time 58.0s ago). Queuing for restart.
[ WARN:3@2377904.600] global cap_ffmpeg_impl.hpp:453 _opencv_ffmpeg_interrupt_callback Stream timeout triggered after 30056.740585 ms
ERROR:root:Cannot read from video source: rtsp://admin:12345678@41.178.2.61:5511/ch14/0
[ WARN:9@2377934.582] global cap_ffmpeg_impl.hpp:453 _opencv_ffmpeg_interrupt_callback Stream timeout triggered after 30040.730199 ms
WARNING:root:Stream 6fd08b52-bc6a-4cc0-8a41-7ca6efd2fdba frozen (in-memory last_frame_time 58.0s ago). Queuing for restart.
[ WARN:9@2377964.639] global cap_ffmpeg_impl.hpp:453 _opencv_ffmpeg_interrupt_callback Stream timeout triggered after 30056.161510 ms
ERROR:root:Cannot read from video source: rtsp://admin:12345678@41.178.2.61:5511/ch14/0
[ WARN:7@2377994.688] global cap_ffmpeg_impl.hpp:453 _opencv_ffmpeg_interrupt_callback Stream timeout triggered after 30084.517358 ms
WARNING:root:Stream 6fd08b52-bc6a-4cc0-8a41-7ca6efd2fdba frozen (in-memory last_frame_time 58.0s ago). Queuing for restart.
[ WARN:7@2378024.745] global cap_ffmpeg_impl.hpp:453 _opencv_ffmpeg_interrupt_callback Stream timeout triggered after 30056.406491 ms
ERROR:root:Cannot read from video source: rtsp://admin:12345678@41.178.2.61:5511/ch14/0
[ WARN:2@2378054.697] global cap_ffmpeg_impl.hpp:453 _opencv_ffmpeg_interrupt_callback Stream timeout triggered after 30038.081165 ms
WARNING:root:Stream 6fd08b52-bc6a-4cc0-8a41-7ca6efd2fdba frozen (in-memory last_frame_time 58.0s ago). Queuing for restart.
[ WARN:2@2378084.753] global cap_ffmpeg_impl.hpp:453 _opencv_ffmpeg_interrupt_callback Stream timeout triggered after 30055.294099 ms
ERROR:root:Cannot read from video source: rtsp://admin:12345678@41.178.2.61:5511/ch14/0
[ WARN:5@2378114.802] global cap_ffmpeg_impl.hpp:453 _opencv_ffmpeg_interrupt_callback Stream timeout triggered after 30090.257341 ms
WARNING:root:Stream 6fd08b52-bc6a-4cc0-8a41-7ca6efd2fdba frozen (in-memory last_frame_time 58.0s ago). Queuing for restart.
[ WARN:0@2378144.849] global cap_ffmpeg_impl.hpp:453 _opencv_ffmpeg_interrupt_callback Stream timeout triggered after 30044.755491 ms
[ WARN:5@2378144.862] global cap_ffmpeg_impl.hpp:453 _opencv_ffmpeg_interrupt_callback Stream timeout triggered after 30057.892226 ms
ERROR:root:Cannot read from video source: rtsp://admin:12345678@41.178.2.61:5511/ch14/0
[ WARN:10@2378174.862] global cap_ffmpeg_impl.hpp:453 _opencv_ffmpeg_interrupt_callback Stream timeout triggered after 30011.850590 ms
[ WARN:0@2378174.908] global cap_ffmpeg_impl.hpp:453 _opencv_ffmpeg_interrupt_callback Stream timeout triggered after 30058.320153 ms
ERROR:root:Cannot read from video source: rtsp://admin:12345678@41.178.2.61:5511/ch01/0
WARNING:root:Validation attempt 1 failed, retrying in 1s...
WARNING:root:Stream 3f5a59f7-c030-4d13-8f11-bdfc3e6d9f38 frozen (in-memory last_frame_time 92.1s ago). Queuing for restart.
WARNING:root:Stream 6fd08b52-bc6a-4cc0-8a41-7ca6efd2fdba frozen (in-memory last_frame_time 58.1s ago). Queuing for restart.
[ WARN:10@2378204.920] global cap_ffmpeg_impl.hpp:453 _opencv_ffmpeg_interrupt_callback Stream timeout triggered after 30056.791574 ms
ERROR:root:Cannot read from video source: rtsp://admin:12345678@41.178.2.61:5511/ch14/0
[ WARN:3@2378206.004] global cap_ffmpeg_impl.hpp:453 _opencv_ffmpeg_interrupt_callback Stream timeout triggered after 30095.099095 ms
[ WARN:9@2378236.025] global cap_ffmpeg_impl.hpp:453 _opencv_ffmpeg_interrupt_callback Stream timeout triggered after 30019.362664 ms
[ WARN:3@2378236.061] global cap_ffmpeg_impl.hpp:453 _opencv_ffmpeg_interrupt_callback Stream timeout triggered after 30055.760610 ms
ERROR:root:Cannot read from video source: rtsp://admin:12345678@41.178.2.61:5511/ch01/0
WARNING:root:Stream 3f5a59f7-c030-4d13-8f11-bdfc3e6d9f38 frozen (in-memory last_frame_time 57.9s ago). Queuing for restart.
WARNING:root:Stream 6fd08b52-bc6a-4cc0-8a41-7ca6efd2fdba frozen (in-memory last_frame_time 58.0s ago). Queuing for restart.
[ WARN:9@2378266.083] global cap_ffmpeg_impl.hpp:453 _opencv_ffmpeg_interrupt_callback Stream timeout triggered after 30056.386334 ms
ERROR:root:Cannot read from video source: rtsp://admin:12345678@41.178.2.61:5511/ch14/0
[ WARN:7@2378266.109] global cap_ffmpeg_impl.hpp:453 _opencv_ffmpeg_interrupt_callback Stream timeout triggered after 30082.461412 ms
[ WARN:2@2378296.113] global cap_ffmpeg_impl.hpp:453 _opencv_ffmpeg_interrupt_callback Stream timeout triggered after 30003.236310 ms
[ WARN:7@2378296.167] global cap_ffmpeg_impl.hpp:453 _opencv_ffmpeg_interrupt_callback Stream timeout triggered after 30057.554902 ms
ERROR:root:Cannot read from video source: rtsp://admin:12345678@41.178.2.61:5511/ch01/0
WARNING:root:Stream 3f5a59f7-c030-4d13-8f11-bdfc3e6d9f38 frozen (in-memory last_frame_time 58.0s ago). Queuing for restart.
WARNING:root:Stream 6fd08b52-bc6a-4cc0-8a41-7ca6efd2fdba frozen (in-memory last_frame_time 58.0s ago). Queuing for restart.
[ WARN:6@2378326.151] global cap_ffmpeg_impl.hpp:453 _opencv_ffmpeg_interrupt_callback Stream timeout triggered after 30036.136167 ms
[ WARN:2@2378326.171] global cap_ffmpeg_impl.hpp:453 _opencv_ffmpeg_interrupt_callback Stream timeout triggered after 30056.109044 ms
ERROR:root:Cannot read from video source: rtsp://admin:12345678@41.178.2.61:5511/ch14/0
[ WARN:6@2378356.208] global cap_ffmpeg_impl.hpp:453 _opencv_ffmpeg_interrupt_callback Stream timeout triggered after 30055.822424 ms
ERROR:root:Cannot read from video source: rtsp://admin:12345678@41.178.2.61:5511/ch01/0
[ WARN:0@2378356.234] global cap_ffmpeg_impl.hpp:453 _opencv_ffmpeg_interrupt_callback Stream timeout triggered after 30082.168322 ms
WARNING:root:Stream 3f5a59f7-c030-4d13-8f11-bdfc3e6d9f38 frozen (in-memory last_frame_time 58.0s ago). Queuing for restart.
WARNING:root:Stream 6fd08b52-bc6a-4cc0-8a41-7ca6efd2fdba frozen (in-memory last_frame_time 58.0s ago). Queuing for restart.
[ WARN:8@2378386.271] global cap_ffmpeg_impl.hpp:453 _opencv_ffmpeg_interrupt_callback Stream timeout triggered after 30035.935267 ms
[ WARN:0@2378386.293] global cap_ffmpeg_impl.hpp:453 _opencv_ffmpeg_interrupt_callback Stream timeout triggered after 30057.677938 ms
ERROR:root:Cannot read from video source: rtsp://admin:12345678@41.178.2.61:5511/ch01/0
[ WARN:11@2378416.321] global cap_ffmpeg_impl.hpp:453 _opencv_ffmpeg_interrupt_callback Stream timeout triggered after 30048.856390 ms
[ WARN:8@2378416.330] global cap_ffmpeg_impl.hpp:453 _opencv_ffmpeg_interrupt_callback Stream timeout triggered after 30057.031652 ms
ERROR:root:Cannot read from video source: rtsp://admin:12345678@41.178.2.61:5511/ch14/0
WARNING:root:Stream 3f5a59f7-c030-4d13-8f11-bdfc3e6d9f38 frozen (in-memory last_frame_time 58.1s ago). Queuing for restart.
WARNING:root:Stream 6fd08b52-bc6a-4cc0-8a41-7ca6efd2fdba frozen (in-memory last_frame_time 58.0s ago). Queuing for restart.
[ WARN:11@2378446.379] global cap_ffmpeg_impl.hpp:453 _opencv_ffmpeg_interrupt_callback Stream timeout triggered after 30056.720296 ms
ERROR:root:Cannot read from video source: rtsp://admin:12345678@41.178.2.61:5511/ch01/0
[ WARN:4@2378446.384] global cap_ffmpeg_impl.hpp:453 _opencv_ffmpeg_interrupt_callback Stream timeout triggered after 30061.316211 ms
[ WARN:9@2378476.426] global cap_ffmpeg_impl.hpp:453 _opencv_ffmpeg_interrupt_callback Stream timeout triggered after 30040.442344 ms
[ WARN:4@2378476.442] global cap_ffmpeg_impl.hpp:453 _opencv_ffmpeg_interrupt_callback Stream timeout triggered after 30056.358719 ms
ERROR:root:Cannot read from video source: rtsp://admin:12345678@41.178.2.61:5511/ch14/0
WARNING:root:Stream 3f5a59f7-c030-4d13-8f11-bdfc3e6d9f38 frozen (in-memory last_frame_time 58.0s ago). Queuing for restart.
WARNING:root:Stream 6fd08b52-bc6a-4cc0-8a41-7ca6efd2fdba frozen (in-memory last_frame_time 58.0s ago). Queuing for restart.
[ WARN:1@2378506.427] global cap_ffmpeg_impl.hpp:453 _opencv_ffmpeg_interrupt_callback Stream timeout triggered after 30000.158470 ms
[ WARN:9@2378506.485] global cap_ffmpeg_impl.hpp:453 _opencv_ffmpeg_interrupt_callback Stream timeout triggered after 30057.861714 ms
ERROR:root:Cannot read from video source: rtsp://admin:12345678@41.178.2.61:5511/ch01/0
[ WARN:1@2378536.485] global cap_ffmpeg_impl.hpp:453 _opencv_ffmpeg_interrupt_callback Stream timeout triggered after 30056.558859 ms
ERROR:root:Cannot read from video source: rtsp://admin:12345678@41.178.2.61:5511/ch14/0
[ WARN:2@2378536.527] global cap_ffmpeg_impl.hpp:453 _opencv_ffmpeg_interrupt_callback Stream timeout triggered after 30098.410835 ms
WARNING:root:Stream 3f5a59f7-c030-4d13-8f11-bdfc3e6d9f38 frozen (in-memory last_frame_time 58.0s ago). Queuing for restart.
WARNING:root:Stream 6fd08b52-bc6a-4cc0-8a41-7ca6efd2fdba frozen (in-memory last_frame_time 58.0s ago). Queuing for restart.
[ WARN:2@2378566.584] global cap_ffmpeg_impl.hpp:453 _opencv_ffmpeg_interrupt_callback Stream timeout triggered after 30056.077812 ms
ERROR:root:Cannot read from video source: rtsp://admin:12345678@41.178.2.61:5511/ch01/0
[ WARN:3@2378566.621] global cap_ffmpeg_impl.hpp:453 _opencv_ffmpeg_interrupt_callback Stream timeout triggered after 30092.699071 ms
[ WARN:0@2378596.626] global cap_ffmpeg_impl.hpp:453 _opencv_ffmpeg_interrupt_callback Stream timeout triggered after 30003.537739 ms
[ WARN:3@2378596.679] global cap_ffmpeg_impl.hpp:453 _opencv_ffmpeg_interrupt_callback Stream timeout triggered after 30057.047974 ms
ERROR:root:Cannot read from video source: rtsp://admin:12345678@41.178.2.61:5511/ch14/0
WARNING:root:Stream 3f5a59f7-c030-4d13-8f11-bdfc3e6d9f38 frozen (in-memory last_frame_time 58.0s ago). Queuing for restart.
WARNING:root:Stream 6fd08b52-bc6a-4cc0-8a41-7ca6efd2fdba frozen (in-memory last_frame_time 58.0s ago). Queuing for restart.
[ WARN:0@2378626.684] global cap_ffmpeg_impl.hpp:453 _opencv_ffmpeg_interrupt_callback Stream timeout triggered after 30056.979797 ms
ERROR:root:Cannot read from video source: rtsp://admin:12345678@41.178.2.61:5511/ch01/0
[ WARN:7@2378626.700] global cap_ffmpeg_impl.hpp:453 _opencv_ffmpeg_interrupt_callback Stream timeout triggered after 30072.239492 ms
[ WARN:7@2378656.761] global cap_ffmpeg_impl.hpp:453 _opencv_ffmpeg_interrupt_callback Stream timeout triggered after 30057.374855 ms
ERROR:root:Cannot read from video source: rtsp://admin:12345678@41.178.2.61:5511/ch14/0
[ WARN:11@2378656.779] global cap_ffmpeg_impl.hpp:453 _opencv_ffmpeg_interrupt_callback Stream timeout triggered after 30077.510160 ms
WARNING:root:Stream 3f5a59f7-c030-4d13-8f11-bdfc3e6d9f38 frozen (in-memory last_frame_time 58.0s ago). Queuing for restart.
WARNING:root:Stream 6fd08b52-bc6a-4cc0-8a41-7ca6efd2fdba frozen (in-memory last_frame_time 58.0s ago). Queuing for restart.
[ WARN:11@2378686.839] global cap_ffmpeg_impl.hpp:453 _opencv_ffmpeg_interrupt_callback Stream timeout triggered after 30058.454665 ms
ERROR:root:Cannot read from video source: rtsp://admin:12345678@41.178.2.61:5511/ch01/0
[ WARN:6@2378686.843] global cap_ffmpeg_impl.hpp:453 _opencv_ffmpeg_interrupt_callback Stream timeout triggered after 30063.169628 ms
[ WARN:9@2378716.892] global cap_ffmpeg_impl.hpp:453 _opencv_ffmpeg_interrupt_callback Stream timeout triggered after 30047.773986 ms
[ WARN:6@2378716.900] global cap_ffmpeg_impl.hpp:453 _opencv_ffmpeg_interrupt_callback Stream timeout triggered after 30055.645024 ms
ERROR:root:Cannot read from video source: rtsp://admin:12345678@41.178.2.61:5511/ch14/0
WARNING:root:Stream 3f5a59f7-c030-4d13-8f11-bdfc3e6d9f38 frozen (in-memory last_frame_time 58.0s ago). Queuing for restart.
WARNING:root:Stream 6fd08b52-bc6a-4cc0-8a41-7ca6efd2fdba frozen (in-memory last_frame_time 58.0s ago). Queuing for restart.
[ WARN:8@2378746.930] global cap_ffmpeg_impl.hpp:453 _opencv_ffmpeg_interrupt_callback Stream timeout triggered after 30036.410583 ms
[ WARN:9@2378746.951] global cap_ffmpeg_impl.hpp:453 _opencv_ffmpeg_interrupt_callback Stream timeout triggered after 30057.237686 ms
ERROR:root:Cannot read from video source: rtsp://admin:12345678@41.178.2.61:5511/ch01/0
[ WARN:8@2378776.988] global cap_ffmpeg_impl.hpp:453 _opencv_ffmpeg_interrupt_callback Stream timeout triggered after 30056.664311 ms
ERROR:root:Cannot read from video source: rtsp://admin:12345678@41.178.2.61:5511/ch14/0
[ WARN:2@2378776.995] global cap_ffmpeg_impl.hpp:453 _opencv_ffmpeg_interrupt_callback Stream timeout triggered after 30064.004272 ms
WARNING:root:Stream 3f5a59f7-c030-4d13-8f11-bdfc3e6d9f38 frozen (in-memory last_frame_time 58.1s ago). Queuing for restart.
WARNING:root:Stream 6fd08b52-bc6a-4cc0-8a41-7ca6efd2fdba frozen (in-memory last_frame_time 58.0s ago). Queuing for restart.
[ WARN:2@2378807.055] global cap_ffmpeg_impl.hpp:453 _opencv_ffmpeg_interrupt_callback Stream timeout triggered after 30057.820305 ms
ERROR:root:Cannot read from video source: rtsp://admin:12345678@41.178.2.61:5511/ch01/0
[ WARN:4@2378807.086] global cap_ffmpeg_impl.hpp:453 _opencv_ffmpeg_interrupt_callback Stream timeout triggered after 30089.132054 ms
[ WARN:0@2378837.109] global cap_ffmpeg_impl.hpp:453 _opencv_ffmpeg_interrupt_callback Stream timeout triggered after 30022.009251 ms
[ WARN:4@2378837.143] global cap_ffmpeg_impl.hpp:453 _opencv_ffmpeg_interrupt_callback Stream timeout triggered after 30055.496182 ms
ERROR:root:Cannot read from video source: rtsp://admin:12345678@41.178.2.61:5511/ch14/0
WARNING:root:Stream 3f5a59f7-c030-4d13-8f11-bdfc3e6d9f38 frozen (in-memory last_frame_time 58.1s ago). Queuing for restart.
WARNING:root:Stream 6fd08b52-bc6a-4cc0-8a41-7ca6efd2fdba frozen (in-memory last_frame_time 58.0s ago). Queuing for restart.
[ WARN:1@2378867.158] global cap_ffmpeg_impl.hpp:453 _opencv_ffmpeg_interrupt_callback Stream timeout triggered after 30047.199858 ms
[ WARN:0@2378867.166] global cap_ffmpeg_impl.hpp:453 _opencv_ffmpeg_interrupt_callback Stream timeout triggered after 30055.728734 ms
ERROR:root:Cannot read from video source: rtsp://admin:12345678@41.178.2.61:5511/ch01/0
[ WARN:11@2378897.203] global cap_ffmpeg_impl.hpp:453 _opencv_ffmpeg_interrupt_callback Stream timeout triggered after 30044.267723 ms
[ WARN:1@2378897.215] global cap_ffmpeg_impl.hpp:453 _opencv_ffmpeg_interrupt_callback Stream timeout triggered after 30056.515853 ms
ERROR:root:Cannot read from video source: rtsp://admin:12345678@41.178.2.61:5511/ch14/0
WARNING:root:Stream 3f5a59f7-c030-4d13-8f11-bdfc3e6d9f38 frozen (in-memory last_frame_time 58.0s ago). Queuing for restart.
WARNING:root:Stream 6fd08b52-bc6a-4cc0-8a41-7ca6efd2fdba frozen (in-memory last_frame_time 58.0s ago). Queuing for restart.
[ WARN:11@2378927.261] global cap_ffmpeg_impl.hpp:453 _opencv_ffmpeg_interrupt_callback Stream timeout triggered after 30056.663789 ms
ERROR:root:Cannot read from video source: rtsp://admin:12345678@41.178.2.61:5511/ch14/0
[ WARN:3@2378927.272] global cap_ffmpeg_impl.hpp:453 _opencv_ffmpeg_interrupt_callback Stream timeout triggered after 30067.259657 ms
[ WARN:3@2378957.329] global cap_ffmpeg_impl.hpp:453 _opencv_ffmpeg_interrupt_callback Stream timeout triggered after 30056.539226 ms
ERROR:root:Cannot read from video source: rtsp://admin:12345678@41.178.2.61:5511/ch01/0
[ WARN:9@2378957.360] global cap_ffmpeg_impl.hpp:453 _opencv_ffmpeg_interrupt_callback Stream timeout triggered after 30086.710489 ms
WARNING:root:Stream 3f5a59f7-c030-4d13-8f11-bdfc3e6d9f38 frozen (in-memory last_frame_time 58.0s ago). Queuing for restart.
WARNING:root:Stream 6fd08b52-bc6a-4cc0-8a41-7ca6efd2fdba frozen (in-memory last_frame_time 58.0s ago). Queuing for restart.
[ WARN:7@2378987.403] global cap_ffmpeg_impl.hpp:453 _opencv_ffmpeg_interrupt_callback Stream timeout triggered after 30041.663194 ms
[ WARN:9@2378987.419] global cap_ffmpeg_impl.hpp:453 _opencv_ffmpeg_interrupt_callback Stream timeout triggered after 30057.680242 ms
ERROR:root:Cannot read from video source: rtsp://admin:12345678@41.178.2.61:5511/ch01/0
[ WARN:7@2379017.461] global cap_ffmpeg_impl.hpp:453 _opencv_ffmpeg_interrupt_callback Stream timeout triggered after 30057.694156 ms
ERROR:root:Cannot read from video source: rtsp://admin:12345678@41.178.2.61:5511/ch14/0
[ WARN:2@2379017.489] global cap_ffmpeg_impl.hpp:453 _opencv_ffmpeg_interrupt_callback Stream timeout triggered after 30085.208428 ms
WARNING:root:Stream 3f5a59f7-c030-4d13-8f11-bdfc3e6d9f38 frozen (in-memory last_frame_time 58.0s ago). Queuing for restart.
WARNING:root:Stream 6fd08b52-bc6a-4cc0-8a41-7ca6efd2fdba frozen (in-memory last_frame_time 58.0s ago). Queuing for restart.
[ WARN:6@2379047.529] global cap_ffmpeg_impl.hpp:453 _opencv_ffmpeg_interrupt_callback Stream timeout triggered after 30038.544688 ms
[ WARN:2@2379047.548] global cap_ffmpeg_impl.hpp:453 _opencv_ffmpeg_interrupt_callback Stream timeout triggered after 30057.487668 ms
ERROR:root:Cannot read from video source: rtsp://admin:12345678@41.178.2.61:5511/ch01/0
[ WARN:6@2379077.587] global cap_ffmpeg_impl.hpp:453 _opencv_ffmpeg_interrupt_callback Stream timeout triggered after 30056.845235 ms
ERROR:root:Cannot read from video source: rtsp://admin:12345678@41.178.2.61:5511/ch14/0
[ WARN:0@2379077.596] global cap_ffmpeg_impl.hpp:453 _opencv_ffmpeg_interrupt_callback Stream timeout triggered after 30066.237350 ms
WARNING:root:Stream 3f5a59f7-c030-4d13-8f11-bdfc3e6d9f38 frozen (in-memory last_frame_time 58.0s ago). Queuing for restart.
WARNING:root:Stream 6fd08b52-bc6a-4cc0-8a41-7ca6efd2fdba frozen (in-memory last_frame_time 58.0s ago). Queuing for restart.
[ WARN:0@2379107.652] global cap_ffmpeg_impl.hpp:453 _opencv_ffmpeg_interrupt_callback Stream timeout triggered after 30054.412306 ms
[ WARN:8@2379107.652] global cap_ffmpeg_impl.hpp:453 _opencv_ffmpeg_interrupt_callback Stream timeout triggered after 30054.527205 ms
ERROR:root:Cannot read from video source: rtsp://admin:12345678@41.178.2.61:5511/ch01/0
[ WARN:8@2379137.709] global cap_ffmpeg_impl.hpp:453 _opencv_ffmpeg_interrupt_callback Stream timeout triggered after 30056.216536 ms
ERROR:root:Cannot read from video source: rtsp://admin:12345678@41.178.2.61:5511/ch14/0
[ WARN:11@2379137.743] global cap_ffmpeg_impl.hpp:453 _opencv_ffmpeg_interrupt_callback Stream timeout triggered after 30089.502459 ms
WARNING:root:Stream 3f5a59f7-c030-4d13-8f11-bdfc3e6d9f38 frozen (in-memory last_frame_time 58.0s ago). Queuing for restart.
WARNING:root:Stream 6fd08b52-bc6a-4cc0-8a41-7ca6efd2fdba frozen (in-memory last_frame_time 58.0s ago). Queuing for restart.
[ WARN:4@2379167.762] global cap_ffmpeg_impl.hpp:453 _opencv_ffmpeg_interrupt_callback Stream timeout triggered after 30017.993449 ms
[ WARN:11@2379167.800] global cap_ffmpeg_impl.hpp:453 _opencv_ffmpeg_interrupt_callback Stream timeout triggered after 30056.253599 ms
ERROR:root:Cannot read from video source: rtsp://admin:12345678@41.178.2.61:5511/ch01/0
[ WARN:9@2379197.766] global cap_ffmpeg_impl.hpp:453 _opencv_ffmpeg_interrupt_callback Stream timeout triggered after 30002.319154 ms
[ WARN:4@2379197.818] global cap_ffmpeg_impl.hpp:453 _opencv_ffmpeg_interrupt_callback Stream timeout triggered after 30055.272689 ms
ERROR:root:Cannot read from video source: rtsp://admin:12345678@41.178.2.61:5511/ch14/0
WARNING:root:Stream 3f5a59f7-c030-4d13-8f11-bdfc3e6d9f38 frozen (in-memory last_frame_time 58.0s ago). Queuing for restart.
WARNING:root:Stream 6fd08b52-bc6a-4cc0-8a41-7ca6efd2fdba frozen (in-memory last_frame_time 58.0s ago). Queuing for restart.
[ WARN:9@2379227.823] global cap_ffmpeg_impl.hpp:453 _opencv_ffmpeg_interrupt_callback Stream timeout triggered after 30056.335519 ms
ERROR:root:Cannot read from video source: rtsp://admin:12345678@41.178.2.61:5511/ch01/0
[ WARN:1@2379227.827] global cap_ffmpeg_impl.hpp:453 _opencv_ffmpeg_interrupt_callback Stream timeout triggered after 30060.328433 ms
[ WARN:2@2379257.834] global cap_ffmpeg_impl.hpp:453 _opencv_ffmpeg_interrupt_callback Stream timeout triggered after 30005.351569 ms
[ WARN:1@2379257.884] global cap_ffmpeg_impl.hpp:453 _opencv_ffmpeg_interrupt_callback Stream timeout triggered after 30055.284620 ms
ERROR:root:Cannot read from video source: rtsp://admin:12345678@41.178.2.61:5511/ch14/0
WARNING:root:Stream 3f5a59f7-c030-4d13-8f11-bdfc3e6d9f38 frozen (in-memory last_frame_time 58.0s ago). Queuing for restart.
WARNING:root:Stream 6fd08b52-bc6a-4cc0-8a41-7ca6efd2fdba frozen (in-memory last_frame_time 58.0s ago). Queuing for restart.
[ WARN:2@2379287.891] global cap_ffmpeg_impl.hpp:453 _opencv_ffmpeg_interrupt_callback Stream timeout triggered after 30056.362264 ms
ERROR:root:Cannot read from video source: rtsp://admin:12345678@41.178.2.61:5511/ch01/0
[ WARN:3@2379287.913] global cap_ffmpeg_impl.hpp:453 _opencv_ffmpeg_interrupt_callback Stream timeout triggered after 30078.301501 ms
[ WARN:3@2379317.971] global cap_ffmpeg_impl.hpp:453 _opencv_ffmpeg_interrupt_callback Stream timeout triggered after 30055.847648 ms
ERROR:root:Cannot read from video source: rtsp://admin:12345678@41.178.2.61:5511/ch14/0
[ WARN:0@2379318.009] global cap_ffmpeg_impl.hpp:453 _opencv_ffmpeg_interrupt_callback Stream timeout triggered after 30093.668874 ms
WARNING:root:Stream 3f5a59f7-c030-4d13-8f11-bdfc3e6d9f38 frozen (in-memory last_frame_time 58.0s ago). Queuing for restart.
WARNING:root:Stream 6fd08b52-bc6a-4cc0-8a41-7ca6efd2fdba frozen (in-memory last_frame_time 58.0s ago). Queuing for restart.
[ WARN:0@2379348.065] global cap_ffmpeg_impl.hpp:453 _opencv_ffmpeg_interrupt_callback Stream timeout triggered after 30055.110741 ms
ERROR:root:Cannot read from video source: rtsp://admin:12345678@41.178.2.61:5511/ch01/0
[ WARN:7@2379348.084] global cap_ffmpeg_impl.hpp:453 _opencv_ffmpeg_interrupt_callback Stream timeout triggered after 30074.008698 ms
[ WARN:7@2379378.143] global cap_ffmpeg_impl.hpp:453 _opencv_ffmpeg_interrupt_callback Stream timeout triggered after 30056.594862 ms
ERROR:root:Cannot read from video source: rtsp://admin:12345678@41.178.2.61:5511/ch14/0
[ WARN:11@2379378.161] global cap_ffmpeg_impl.hpp:453 _opencv_ffmpeg_interrupt_callback Stream timeout triggered after 30074.657261 ms
WARNING:root:Stream 3f5a59f7-c030-4d13-8f11-bdfc3e6d9f38 frozen (in-memory last_frame_time 58.0s ago). Queuing for restart.
WARNING:root:Stream 6fd08b52-bc6a-4cc0-8a41-7ca6efd2fdba frozen (in-memory last_frame_time 58.0s ago). Queuing for restart.
[ WARN:6@2379408.165] global cap_ffmpeg_impl.hpp:453 _opencv_ffmpeg_interrupt_callback Stream timeout triggered after 30003.135719 ms
[ WARN:11@2379408.219] global cap_ffmpeg_impl.hpp:453 _opencv_ffmpeg_interrupt_callback Stream timeout triggered after 30056.760207 ms
ERROR:root:Cannot read from video source: rtsp://admin:12345678@41.178.2.61:5511/ch01/0
[ WARN:6@2379438.223] global cap_ffmpeg_impl.hpp:453 _opencv_ffmpeg_interrupt_callback Stream timeout triggered after 30056.250085 ms
ERROR:root:Cannot read from video source: rtsp://admin:12345678@41.178.2.61:5511/ch14/0
[ WARN:9@2379438.255] global cap_ffmpeg_impl.hpp:453 _opencv_ffmpeg_interrupt_callback Stream timeout triggered after 30088.264639 ms
WARNING:root:Stream 3f5a59f7-c030-4d13-8f11-bdfc3e6d9f38 frozen (in-memory last_frame_time 58.1s ago). Queuing for restart.
WARNING:root:Stream 6fd08b52-bc6a-4cc0-8a41-7ca6efd2fdba frozen (in-memory last_frame_time 58.1s ago). Queuing for restart.
[ WARN:9@2379468.312] global cap_ffmpeg_impl.hpp:453 _opencv_ffmpeg_interrupt_callback Stream timeout triggered after 30056.143660 ms
ERROR:root:Cannot read from video source: rtsp://admin:12345678@41.178.2.61:5511/ch01/0
[ WARN:8@2379468.320] global cap_ffmpeg_impl.hpp:453 _opencv_ffmpeg_interrupt_callback Stream timeout triggered after 30064.125119 ms
[ WARN:2@2379498.351] global cap_ffmpeg_impl.hpp:453 _opencv_ffmpeg_interrupt_callback Stream timeout triggered after 30029.007403 ms
[ WARN:8@2379498.377] global cap_ffmpeg_impl.hpp:453 _opencv_ffmpeg_interrupt_callback Stream timeout triggered after 30055.530146 ms
ERROR:root:Cannot read from video source: rtsp://admin:12345678@41.178.2.61:5511/ch14/0
WARNING:root:Stream 3f5a59f7-c030-4d13-8f11-bdfc3e6d9f38 frozen (in-memory last_frame_time 58.0s ago). Queuing for restart.
WARNING:root:Stream 6fd08b52-bc6a-4cc0-8a41-7ca6efd2fdba frozen (in-memory last_frame_time 58.0s ago). Queuing for restart.
[ WARN:2@2379528.407] global cap_ffmpeg_impl.hpp:453 _opencv_ffmpeg_interrupt_callback Stream timeout triggered after 30055.382711 ms
[ WARN:4@2379528.407] global cap_ffmpeg_impl.hpp:453 _opencv_ffmpeg_interrupt_callback Stream timeout triggered after 30055.395189 ms
ERROR:root:Cannot read from video source: rtsp://admin:12345678@41.178.2.61:5511/ch01/0
[ WARN:0@2379558.435] global cap_ffmpeg_impl.hpp:453 _opencv_ffmpeg_interrupt_callback Stream timeout triggered after 30026.034645 ms
[ WARN:4@2379558.465] global cap_ffmpeg_impl.hpp:453 _opencv_ffmpeg_interrupt_callback Stream timeout triggered after 30056.135085 ms
ERROR:root:Cannot read from video source: rtsp://admin:12345678@41.178.2.61:5511/ch14/0
WARNING:root:Stream 3f5a59f7-c030-4d13-8f11-bdfc3e6d9f38 frozen (in-memory last_frame_time 58.0s ago). Queuing for restart.
WARNING:root:Stream 6fd08b52-bc6a-4cc0-8a41-7ca6efd2fdba frozen (in-memory last_frame_time 58.0s ago). Queuing for restart.
[ WARN:0@2379588.493] global cap_ffmpeg_impl.hpp:453 _opencv_ffmpeg_interrupt_callback Stream timeout triggered after 30056.781389 ms
ERROR:root:Cannot read from video source: rtsp://admin:12345678@41.178.2.61:5511/ch01/0
[ WARN:1@2379588.520] global cap_ffmpeg_impl.hpp:453 _opencv_ffmpeg_interrupt_callback Stream timeout triggered after 30083.757746 ms
[ WARN:11@2379618.576] global cap_ffmpeg_impl.hpp:453 _opencv_ffmpeg_interrupt_callback Stream timeout triggered after 30054.790259 ms
[ WARN:1@2379618.576] global cap_ffmpeg_impl.hpp:453 _opencv_ffmpeg_interrupt_callback Stream timeout triggered after 30054.803166 ms
ERROR:root:Cannot read from video source: rtsp://admin:12345678@41.178.2.61:5511/ch14/0
WARNING:root:Stream 3f5a59f7-c030-4d13-8f11-bdfc3e6d9f38 frozen (in-memory last_frame_time 58.0s ago). Queuing for restart.
WARNING:root:Stream 6fd08b52-bc6a-4cc0-8a41-7ca6efd2fdba frozen (in-memory last_frame_time 58.0s ago). Queuing for restart.
[ WARN:11@2379648.633] global cap_ffmpeg_impl.hpp:453 _opencv_ffmpeg_interrupt_callback Stream timeout triggered after 30056.225158 ms
ERROR:root:Cannot read from video source: rtsp://admin:12345678@41.178.2.61:5511/ch01/0
[ WARN:3@2379648.655] global cap_ffmpeg_impl.hpp:453 _opencv_ffmpeg_interrupt_callback Stream timeout triggered after 30077.641398 ms
[ WARN:3@2379678.711] global cap_ffmpeg_impl.hpp:453 _opencv_ffmpeg_interrupt_callback Stream timeout triggered after 30055.349896 ms
ERROR:root:Cannot read from video source: rtsp://admin:12345678@41.178.2.61:5511/ch14/0
[ WARN:9@2379678.725] global cap_ffmpeg_impl.hpp:453 _opencv_ffmpeg_interrupt_callback Stream timeout triggered after 30069.303183 ms
WARNING:root:Stream 3f5a59f7-c030-4d13-8f11-bdfc3e6d9f38 frozen (in-memory last_frame_time 58.0s ago). Queuing for restart.
WARNING:root:Stream 6fd08b52-bc6a-4cc0-8a41-7ca6efd2fdba frozen (in-memory last_frame_time 58.0s ago). Queuing for restart.
[ WARN:7@2379708.755] global cap_ffmpeg_impl.hpp:453 _opencv_ffmpeg_interrupt_callback Stream timeout triggered after 30028.349112 ms
[ WARN:9@2379708.783] global cap_ffmpeg_impl.hpp:453 _opencv_ffmpeg_interrupt_callback Stream timeout triggered after 30056.306136 ms
ERROR:root:Cannot read from video source: rtsp://admin:12345678@41.178.2.61:5511/ch01/0
[ WARN:2@2379738.802] global cap_ffmpeg_impl.hpp:453 _opencv_ffmpeg_interrupt_callback Stream timeout triggered after 30045.862584 ms
[ WARN:7@2379738.815] global cap_ffmpeg_impl.hpp:453 _opencv_ffmpeg_interrupt_callback Stream timeout triggered after 30058.505955 ms
ERROR:root:Cannot read from video source: rtsp://admin:12345678@41.178.2.61:5511/ch14/0
WARNING:root:Stream 3f5a59f7-c030-4d13-8f11-bdfc3e6d9f38 frozen (in-memory last_frame_time 58.0s ago). Queuing for restart.
WARNING:root:Stream 6fd08b52-bc6a-4cc0-8a41-7ca6efd2fdba frozen (in-memory last_frame_time 58.0s ago). Queuing for restart.
[ WARN:2@2379768.860] global cap_ffmpeg_impl.hpp:453 _opencv_ffmpeg_interrupt_callback Stream timeout triggered after 30056.870642 ms
ERROR:root:Cannot read from video source: rtsp://admin:12345678@41.178.2.61:5511/ch01/0
[ WARN:6@2379768.865] global cap_ffmpeg_impl.hpp:453 _opencv_ffmpeg_interrupt_callback Stream timeout triggered after 30061.738121 ms
[ WARN:0@2379798.909] global cap_ffmpeg_impl.hpp:453 _opencv_ffmpeg_interrupt_callback Stream timeout triggered after 30042.964480 ms
[ WARN:6@2379798.922] global cap_ffmpeg_impl.hpp:453 _opencv_ffmpeg_interrupt_callback Stream timeout triggered after 30055.744965 ms
ERROR:root:Cannot read from video source: rtsp://admin:12345678@41.178.2.61:5511/ch14/0
WARNING:root:Stream 3f5a59f7-c030-4d13-8f11-bdfc3e6d9f38 frozen (in-memory last_frame_time 58.1s ago). Queuing for restart.
WARNING:root:Stream 6fd08b52-bc6a-4cc0-8a41-7ca6efd2fdba frozen (in-memory last_frame_time 58.0s ago). Queuing for restart.
[ WARN:8@2379828.918] global cap_ffmpeg_impl.hpp:453 _opencv_ffmpeg_interrupt_callback Stream timeout triggered after 30007.532481 ms
[ WARN:0@2379828.968] global cap_ffmpeg_impl.hpp:453 _opencv_ffmpeg_interrupt_callback Stream timeout triggered after 30057.532505 ms
ERROR:root:Cannot read from video source: rtsp://admin:12345678@41.178.2.61:5511/ch01/0
[ WARN:8@2379858.976] global cap_ffmpeg_impl.hpp:453 _opencv_ffmpeg_interrupt_callback Stream timeout triggered after 30056.530939 ms
ERROR:root:Cannot read from video source: rtsp://admin:12345678@41.178.2.61:5511/ch14/0
[ WARN:11@2379859.013] global cap_ffmpeg_impl.hpp:453 _opencv_ffmpeg_interrupt_callback Stream timeout triggered after 30093.599980 ms
WARNING:root:Stream 3f5a59f7-c030-4d13-8f11-bdfc3e6d9f38 frozen (in-memory last_frame_time 58.1s ago). Queuing for restart.
WARNING:root:Stream 6fd08b52-bc6a-4cc0-8a41-7ca6efd2fdba frozen (in-memory last_frame_time 58.1s ago). Queuing for restart.
[ WARN:4@2379889.070] global cap_ffmpeg_impl.hpp:453 _opencv_ffmpeg_interrupt_callback Stream timeout triggered after 30055.578634 ms
[ WARN:11@2379889.070] global cap_ffmpeg_impl.hpp:453 _opencv_ffmpeg_interrupt_callback Stream timeout triggered after 30055.581368 ms
ERROR:root:Cannot read from video source: rtsp://admin:12345678@41.178.2.61:5511/ch14/0
[ WARN:9@2379919.080] global cap_ffmpeg_impl.hpp:453 _opencv_ffmpeg_interrupt_callback Stream timeout triggered after 30009.184392 ms
[ WARN:4@2379919.127] global cap_ffmpeg_impl.hpp:453 _opencv_ffmpeg_interrupt_callback Stream timeout triggered after 30055.897281 ms
ERROR:root:Cannot read from video source: rtsp://admin:12345678@41.178.2.61:5511/ch01/0
WARNING:root:Stream 3f5a59f7-c030-4d13-8f11-bdfc3e6d9f38 frozen (in-memory last_frame_time 58.0s ago). Queuing for restart.
WARNING:root:Stream 6fd08b52-bc6a-4cc0-8a41-7ca6efd2fdba frozen (in-memory last_frame_time 58.0s ago). Queuing for restart.
[ WARN:9@2379949.138] global cap_ffmpeg_impl.hpp:453 _opencv_ffmpeg_interrupt_callback Stream timeout triggered after 30056.117063 ms
ERROR:root:Cannot read from video source: rtsp://admin:12345678@41.178.2.61:5511/ch01/0
[ WARN:1@2379949.154] global cap_ffmpeg_impl.hpp:453 _opencv_ffmpeg_interrupt_callback Stream timeout triggered after 30072.554086 ms
[ WARN:1@2379979.213] global cap_ffmpeg_impl.hpp:453 _opencv_ffmpeg_interrupt_callback Stream timeout triggered after 30057.177189 ms
ERROR:root:Cannot read from video source: rtsp://admin:12345678@41.178.2.61:5511/ch14/0
[ WARN:2@2379979.242] global cap_ffmpeg_impl.hpp:453 _opencv_ffmpeg_interrupt_callback Stream timeout triggered after 30086.512791 ms
WARNING:root:Stream 3f5a59f7-c030-4d13-8f11-bdfc3e6d9f38 frozen (in-memory last_frame_time 58.1s ago). Queuing for restart.
WARNING:root:Stream 6fd08b52-bc6a-4cc0-8a41-7ca6efd2fdba frozen (in-memory last_frame_time 58.0s ago). Queuing for restart.
[ WARN:3@2380009.246] global cap_ffmpeg_impl.hpp:453 _opencv_ffmpeg_interrupt_callback Stream timeout triggered after 30003.075373 ms
[ WARN:2@2380009.300] global cap_ffmpeg_impl.hpp:453 _opencv_ffmpeg_interrupt_callback Stream timeout triggered after 30056.992048 ms
ERROR:root:Cannot read from video source: rtsp://admin:12345678@41.178.2.61:5511/ch01/0
[ WARN:3@2380039.304] global cap_ffmpeg_impl.hpp:453 _opencv_ffmpeg_interrupt_callback Stream timeout triggered after 30056.520911 ms
ERROR:root:Cannot read from video source: rtsp://admin:12345678@41.178.2.61:5511/ch14/0
[ WARN:0@2380039.322] global cap_ffmpeg_impl.hpp:453 _opencv_ffmpeg_interrupt_callback Stream timeout triggered after 30073.870576 ms
WARNING:root:Stream 3f5a59f7-c030-4d13-8f11-bdfc3e6d9f38 frozen (in-memory last_frame_time 58.0s ago). Queuing for restart.
WARNING:root:Stream 6fd08b52-bc6a-4cc0-8a41-7ca6efd2fdba frozen (in-memory last_frame_time 58.0s ago). Queuing for restart.
[ WARN:0@2380069.376] global cap_ffmpeg_impl.hpp:453 _opencv_ffmpeg_interrupt_callback Stream timeout triggered after 30053.370649 ms
[ WARN:7@2380069.376] global cap_ffmpeg_impl.hpp:453 _opencv_ffmpeg_interrupt_callback Stream timeout triggered after 30053.369068 ms
ERROR:root:Cannot read from video source: rtsp://admin:12345678@41.178.2.61:5511/ch01/0
[ WARN:11@2380099.431] global cap_ffmpeg_impl.hpp:453 _opencv_ffmpeg_interrupt_callback Stream timeout triggered after 30053.573826 ms
[ WARN:7@2380099.431] global cap_ffmpeg_impl.hpp:453 _opencv_ffmpeg_interrupt_callback Stream timeout triggered after 30053.598715 ms
ERROR:root:Cannot read from video source: rtsp://admin:12345678@41.178.2.61:5511/ch14/0
WARNING:root:Stream 3f5a59f7-c030-4d13-8f11-bdfc3e6d9f38 frozen (in-memory last_frame_time 58.0s ago). Queuing for restart.
WARNING:root:Stream 6fd08b52-bc6a-4cc0-8a41-7ca6efd2fdba frozen (in-memory last_frame_time 58.0s ago). Queuing for restart.
[ WARN:6@2380129.447] global cap_ffmpeg_impl.hpp:453 _opencv_ffmpeg_interrupt_callback Stream timeout triggered after 30014.518322 ms
[ WARN:11@2380129.494] global cap_ffmpeg_impl.hpp:453 _opencv_ffmpeg_interrupt_callback Stream timeout triggered after 30061.584418 ms
ERROR:root:Cannot read from video source: rtsp://admin:12345678@41.178.2.61:5511/ch01/0
[ WARN:6@2380159.506] global cap_ffmpeg_impl.hpp:453 _opencv_ffmpeg_interrupt_callback Stream timeout triggered after 30057.283637 ms
ERROR:root:Cannot read from video source: rtsp://admin:12345678@41.178.2.61:5511/ch14/0
[ WARN:9@2380159.530] global cap_ffmpeg_impl.hpp:453 _opencv_ffmpeg_interrupt_callback Stream timeout triggered after 30081.693919 ms
WARNING:root:Stream 3f5a59f7-c030-4d13-8f11-bdfc3e6d9f38 frozen (in-memory last_frame_time 58.0s ago). Queuing for restart.
WARNING:root:Stream 6fd08b52-bc6a-4cc0-8a41-7ca6efd2fdba frozen (in-memory last_frame_time 58.0s ago). Queuing for restart.
[ WARN:9@2380189.590] global cap_ffmpeg_impl.hpp:453 _opencv_ffmpeg_interrupt_callback Stream timeout triggered after 30058.511778 ms
ERROR:root:Cannot read from video source: rtsp://admin:12345678@41.178.2.61:5511/ch01/0
[ WARN:8@2380189.627] global cap_ffmpeg_impl.hpp:453 _opencv_ffmpeg_interrupt_callback Stream timeout triggered after 30095.350090 ms
[ WARN:2@2380219.672] global cap_ffmpeg_impl.hpp:453 _opencv_ffmpeg_interrupt_callback Stream timeout triggered after 30043.921294 ms
[ WARN:8@2380219.687] global cap_ffmpeg_impl.hpp:453 _opencv_ffmpeg_interrupt_callback Stream timeout triggered after 30058.379640 ms
ERROR:root:Cannot read from video source: rtsp://admin:12345678@41.178.2.61:5511/ch14/0
WARNING:root:Stream 3f5a59f7-c030-4d13-8f11-bdfc3e6d9f38 frozen (in-memory last_frame_time 58.0s ago). Queuing for restart.
WARNING:root:Stream 6fd08b52-bc6a-4cc0-8a41-7ca6efd2fdba frozen (in-memory last_frame_time 58.0s ago). Queuing for restart.
[ WARN:4@2380249.701] global cap_ffmpeg_impl.hpp:453 _opencv_ffmpeg_interrupt_callback Stream timeout triggered after 30026.727922 ms
[ WARN:2@2380249.731] global cap_ffmpeg_impl.hpp:453 _opencv_ffmpeg_interrupt_callback Stream timeout triggered after 30056.938055 ms
ERROR:root:Cannot read from video source: rtsp://admin:12345678@41.178.2.61:5511/ch01/0
[ WARN:4@2380279.759] global cap_ffmpeg_impl.hpp:453 _opencv_ffmpeg_interrupt_callback Stream timeout triggered after 30057.224406 ms
ERROR:root:Cannot read from video source: rtsp://admin:12345678@41.178.2.61:5511/ch14/0
[ WARN:0@2380279.776] global cap_ffmpeg_impl.hpp:453 _opencv_ffmpeg_interrupt_callback Stream timeout triggered after 30073.449531 ms
WARNING:root:Stream 3f5a59f7-c030-4d13-8f11-bdfc3e6d9f38 frozen (in-memory last_frame_time 58.0s ago). Queuing for restart.
WARNING:root:Stream 6fd08b52-bc6a-4cc0-8a41-7ca6efd2fdba frozen (in-memory last_frame_time 58.0s ago). Queuing for restart.
[ WARN:1@2380309.813] global cap_ffmpeg_impl.hpp:453 _opencv_ffmpeg_interrupt_callback Stream timeout triggered after 30036.603238 ms
[ WARN:0@2380309.835] global cap_ffmpeg_impl.hpp:453 _opencv_ffmpeg_interrupt_callback Stream timeout triggered after 30057.681578 ms
ERROR:root:Cannot read from video source: rtsp://admin:12345678@41.178.2.61:5511/ch01/0
WARNING:root:Frame timeout for stream e5363bb0-6d8e-49c6-b548-78110a42eddc - no frames for 30.0s
[ WARN:1@2380339.873] global cap_ffmpeg_impl.hpp:453 _opencv_ffmpeg_interrupt_callback Stream timeout triggered after 30057.842055 ms
ERROR:root:Cannot read from video source: rtsp://admin:12345678@41.178.2.61:5511/ch14/0
[ WARN:9@2380339.917] global cap_ffmpeg_impl.hpp:453 _opencv_ffmpeg_interrupt_callback Stream timeout triggered after 30093.579541 ms
ERROR:root:Capture thread for ./videos/fire1.mp4 did not stop within 3.0s timeout. This is unexpected with our improvements. Thread will be abandoned.
WARNING:root:Shared stream not running for ./videos/fire1.mp4, attempting restart
WARNING:root:Shared stream not running for ./videos/fire1.mp4, attempting restart
WARNING:root:Shared stream not running for ./videos/fire1.mp4, attempting restart
WARNING:root:Shared stream not running for ./videos/fire1.mp4, attempting restart
WARNING:root:Stream e5363bb0-6d8e-49c6-b548-78110a42eddc frozen (in-memory last_frame_time 96.0s ago). Queuing for restart.
WARNING:root:Stream 0c6fbd0d-5a5b-42d6-9d48-64b91527776b frozen (in-memory last_frame_time 82.0s ago). Queuing for restart.
WARNING:root:Stream 3f5a59f7-c030-4d13-8f11-bdfc3e6d9f38 frozen (in-memory last_frame_time 59.9s ago). Queuing for restart.
WARNING:root:Stream 6fd08b52-bc6a-4cc0-8a41-7ca6efd2fdba frozen (in-memory last_frame_time 59.9s ago). Queuing for restart.
WARNING:root:Stream a7f0f7b1-055a-4783-95a8-ef44b106fe2e frozen (in-memory last_frame_time 57.9s ago). Queuing for restart.
[ WARN:7@2380369.964] global cap_ffmpeg_impl.hpp:453 _opencv_ffmpeg_interrupt_callback Stream timeout triggered after 30036.302433 ms
[ WARN:9@2380369.975] global cap_ffmpeg_impl.hpp:453 _opencv_ffmpeg_interrupt_callback Stream timeout triggered after 30056.888813 ms
ERROR:root:Cannot read from video source: rtsp://admin:12345678@41.178.2.61:5511/ch01/0
WARNING:root:Shared stream not running for ./videos/5.mp4, attempting restart
[ WARN:7@2380400.021] global cap_ffmpeg_impl.hpp:453 _opencv_ffmpeg_interrupt_callback Stream timeout triggered after 30055.488256 ms
ERROR:root:Cannot read from video source: rtsp://admin:12345678@41.178.2.61:5511/ch14/0
[ WARN:4@2380402.716] global cap_ffmpeg_impl.hpp:453 _opencv_ffmpeg_interrupt_callback Stream timeout triggered after 30078.312505 ms
WARNING:root:Stream 3f5a59f7-c030-4d13-8f11-bdfc3e6d9f38 frozen (in-memory last_frame_time 58.2s ago). Queuing for restart.
WARNING:root:Stream 0c6fbd0d-5a5b-42d6-9d48-64b91527776b frozen (in-memory last_frame_time 58.0s ago). Queuing for restart.
WARNING:root:Stream a7f0f7b1-055a-4783-95a8-ef44b106fe2e frozen (in-memory last_frame_time 58.0s ago). Queuing for restart.
WARNING:root:Stream e5363bb0-6d8e-49c6-b548-78110a42eddc frozen (in-memory last_frame_time 57.9s ago). Queuing for restart.
WARNING:root:Stream 6fd08b52-bc6a-4cc0-8a41-7ca6efd2fdba frozen (in-memory last_frame_time 58.0s ago). Queuing for restart.
[ WARN:4@2380432.774] global cap_ffmpeg_impl.hpp:453 _opencv_ffmpeg_interrupt_callback Stream timeout triggered after 30057.340322 ms
ERROR:root:Cannot read from video source: rtsp://admin:12345678@41.178.2.61:5511/ch01/0
[ WARN:0@2380432.810] global cap_ffmpeg_impl.hpp:453 _opencv_ffmpeg_interrupt_callback Stream timeout triggered after 30083.605637 ms
WARNING:root:Shared stream not running for ./videos/5.mp4, attempting restart
[ WARN:0@2380462.870] global cap_ffmpeg_impl.hpp:453 _opencv_ffmpeg_interrupt_callback Stream timeout triggered after 30059.050563 ms
ERROR:root:Cannot read from video source: rtsp://admin:12345678@41.178.2.61:5511/ch14/0
[ WARN:10@2380465.966] global cap_ffmpeg_impl.hpp:453 _opencv_ffmpeg_interrupt_callback Stream timeout triggered after 30027.532694 ms
WARNING:root:Stream 3f5a59f7-c030-4d13-8f11-bdfc3e6d9f38 frozen (in-memory last_frame_time 58.1s ago). Queuing for restart.
WARNING:root:Stream 0c6fbd0d-5a5b-42d6-9d48-64b91527776b frozen (in-memory last_frame_time 58.1s ago). Queuing for restart.
WARNING:root:Stream a7f0f7b1-055a-4783-95a8-ef44b106fe2e frozen (in-memory last_frame_time 58.1s ago). Queuing for restart.
WARNING:root:Stream 6fd08b52-bc6a-4cc0-8a41-7ca6efd2fdba frozen (in-memory last_frame_time 58.1s ago). Queuing for restart.
[ WARN:10@2380496.031] global cap_ffmpeg_impl.hpp:453 _opencv_ffmpeg_interrupt_callback Stream timeout triggered after 30063.642503 ms
ERROR:root:Cannot read from video source: rtsp://admin:12345678@41.178.2.61:5511/ch01/0
[ WARN:4@2380496.076] global cap_ffmpeg_impl.hpp:453 _opencv_ffmpeg_interrupt_callback Stream timeout triggered after 30090.619027 ms
WARNING:root:Shared stream not running for ./videos/5.mp4, attempting restart
WARNING:root:🔥 NEW FIRE DETECTION: FIRE detected in e5363bb0-6d8e-49c6-b548-78110a42eddc at frame 30
WARNING:root:🔥 NEW FIRE DETECTION: FIRE detected in e5363bb0-6d8e-49c6-b548-78110a42eddc at frame 18030
WARNING:root:SENDING FIRE NOTIFICATION: 🔥 FIRE/SMOKE ALERT: FIRE detected in test3 for stream e5363bb0-6d8e-49c6-b548-78110a42eddc
WARNING:root:No WebSocket subscribers for user 1eb98c01-19d9-4f5f-8954-12c11cdc6cf3 to receive fire alert
WARNING:root:🔥 FIRE NOTIFICATION SENT for e5363bb0-6d8e-49c6-b548-78110a42eddc. Next available: 2025-12-23 22:16:54.572760+02:00
[ WARN:4@2380526.134] global cap_ffmpeg_impl.hpp:453 _opencv_ffmpeg_interrupt_callback Stream timeout triggered after 30056.692484 ms
ERROR:root:Cannot read from video source: rtsp://admin:12345678@41.178.2.61:5511/ch14/0
[ WARN:5@2380528.787] global cap_ffmpeg_impl.hpp:453 _opencv_ffmpeg_interrupt_callback Stream timeout triggered after 30089.167335 ms
WARNING:root:Frame timeout for stream a7f0f7b1-055a-4783-95a8-ef44b106fe2e - no frames for 30.0s
WARNING:root:Frame timeout for stream 0c6fbd0d-5a5b-42d6-9d48-64b91527776b - no frames for 30.0s
WARNING:root:Shared stream not running for ./videos/5.mp4, attempting restart
WARNING:root:Shared stream not running for ./videos/5.mp4, attempting restart
WARNING:root:Shared stream not running for ./videos/5.mp4, attempting restart
WARNING:root:Shared stream not running for ./videos/5.mp4, attempting restart
WARNING:root:🌊 FIRE CLEARED: e5363bb0-6d8e-49c6-b548-78110a42eddc changed from 'fire' to 'no detection' at frame 40
WARNING:root:Shared stream not running for ./videos/5.mp4, attempting restart
WARNING:root:Shared stream not running for ./videos/5.mp4, attempting restart
WARNING:root:Shared stream not running for ./videos/5.mp4, attempting restart
WARNING:root:Shared stream not running for ./videos/5.mp4, attempting restart
WARNING:root:Shared stream not running for ./videos/5.mp4, attempting restart
WARNING:root:Shared stream not running for ./videos/5.mp4, attempting restart
WARNING:root:Stream 0c6fbd0d-5a5b-42d6-9d48-64b91527776b frozen (in-memory last_frame_time 58.1s ago). Queuing for restart.
WARNING:root:Stream a7f0f7b1-055a-4783-95a8-ef44b106fe2e frozen (in-memory last_frame_time 58.0s ago). Queuing for restart.
WARNING:root:Stream 3f5a59f7-c030-4d13-8f11-bdfc3e6d9f38 frozen (in-memory last_frame_time 58.0s ago). Queuing for restart.
WARNING:root:Stream 6fd08b52-bc6a-4cc0-8a41-7ca6efd2fdba frozen (in-memory last_frame_time 58.0s ago). Queuing for restart.
[ WARN:5@2380558.859] global cap_ffmpeg_impl.hpp:453 _opencv_ffmpeg_interrupt_callback Stream timeout triggered after 30070.997665 ms
ERROR:root:Cannot read from video source: rtsp://admin:12345678@41.178.2.61:5511/ch01/0
[ WARN:1@2380558.888] global cap_ffmpeg_impl.hpp:453 _opencv_ffmpeg_interrupt_callback Stream timeout triggered after 30086.796799 ms
[ WARN:1@2380588.957] global cap_ffmpeg_impl.hpp:453 _opencv_ffmpeg_interrupt_callback Stream timeout triggered after 30067.285389 ms
ERROR:root:Cannot read from video source: rtsp://admin:12345678@41.178.2.61:5511/ch14/0
[ WARN:3@2380589.881] global cap_ffmpeg_impl.hpp:453 _opencv_ffmpeg_interrupt_callback Stream timeout triggered after 30096.252093 ms
WARNING:root:Stream 3f5a59f7-c030-4d13-8f11-bdfc3e6d9f38 frozen (in-memory last_frame_time 58.1s ago). Queuing for restart.
WARNING:root:Stream 0c6fbd0d-5a5b-42d6-9d48-64b91527776b frozen (in-memory last_frame_time 58.1s ago). Queuing for restart.
WARNING:root:Stream a7f0f7b1-055a-4783-95a8-ef44b106fe2e frozen (in-memory last_frame_time 58.1s ago). Queuing for restart.
WARNING:root:Stream 6fd08b52-bc6a-4cc0-8a41-7ca6efd2fdba frozen (in-memory last_frame_time 58.0s ago). Queuing for restart.
[ WARN:3@2380619.943] global cap_ffmpeg_impl.hpp:453 _opencv_ffmpeg_interrupt_callback Stream timeout triggered after 30061.197532 ms
ERROR:root:Cannot read from video source: rtsp://admin:12345678@41.178.2.61:5511/ch01/0
[ WARN:4@2380619.963] global cap_ffmpeg_impl.hpp:453 _opencv_ffmpeg_interrupt_callback Stream timeout triggered after 30055.287145 ms
WARNING:root:Shared stream not running for ./videos/5.mp4, attempting restart
[ WARN:4@2380650.026] global cap_ffmpeg_impl.hpp:453 _opencv_ffmpeg_interrupt_callback Stream timeout triggered after 30060.943702 ms
ERROR:root:Cannot read from video source: rtsp://admin:12345678@41.178.2.61:5511/ch14/0
WARNING:root:🔥 NEW FIRE DETECTION: FIRE detected in e5363bb0-6d8e-49c6-b548-78110a42eddc at frame 80
[ WARN:2@2380652.576] global cap_ffmpeg_impl.hpp:453 _opencv_ffmpeg_interrupt_callback Stream timeout triggered after 30007.797216 ms
WARNING:root:🌊 FIRE CLEARED: e5363bb0-6d8e-49c6-b548-78110a42eddc changed from 'fire' to 'no detection' at frame 90
WARNING:root:Stream 3f5a59f7-c030-4d13-8f11-bdfc3e6d9f38 frozen (in-memory last_frame_time 58.1s ago). Queuing for restart.
WARNING:root:Stream 0c6fbd0d-5a5b-42d6-9d48-64b91527776b frozen (in-memory last_frame_time 58.1s ago). Queuing for restart.
WARNING:root:Stream a7f0f7b1-055a-4783-95a8-ef44b106fe2e frozen (in-memory last_frame_time 58.1s ago). Queuing for restart.
WARNING:root:Stream 6fd08b52-bc6a-4cc0-8a41-7ca6efd2fdba frozen (in-memory last_frame_time 58.1s ago). Queuing for restart.
[ WARN:2@2380682.639] global cap_ffmpeg_impl.hpp:453 _opencv_ffmpeg_interrupt_callback Stream timeout triggered after 30061.869771 ms
ERROR:root:Cannot read from video source: rtsp://admin:12345678@41.178.2.61:5511/ch01/0
[ WARN:6@2380682.671] global cap_ffmpeg_impl.hpp:453 _opencv_ffmpeg_interrupt_callback Stream timeout triggered after 30080.525349 ms
WARNING:root:Shared stream not running for ./videos/5.mp4, attempting restart
[ WARN:6@2380712.732] global cap_ffmpeg_impl.hpp:453 _opencv_ffmpeg_interrupt_callback Stream timeout triggered after 30059.624445 ms
ERROR:root:Cannot read from video source: rtsp://admin:12345678@41.178.2.61:5511/ch14/0
[ WARN:0@2380715.860] global cap_ffmpeg_impl.hpp:453 _opencv_ffmpeg_interrupt_callback Stream timeout triggered after 30038.045012 ms
WARNING:root:Frame timeout for stream a7f0f7b1-055a-4783-95a8-ef44b106fe2e - no frames for 30.0s
ERROR:root:Capture thread for ./videos/5.mp4 did not stop within 3.0s timeout. This is unexpected with our improvements. Thread will be abandoned.
WARNING:root:Frame timeout for stream 0c6fbd0d-5a5b-42d6-9d48-64b91527776b - no frames for 30.0s
WARNING:root:Shared stream not running for ./videos/5.mp4, attempting restart
WARNING:root:Shared stream not running for ./videos/5.mp4, attempting restart
WARNING:root:Shared stream not running for ./videos/5.mp4, attempting restart
WARNING:root:Shared stream not running for ./videos/5.mp4, attempting restart
WARNING:root:Shared stream not running for ./videos/5.mp4, attempting restart
WARNING:root:Shared stream not running for ./videos/5.mp4, attempting restart
WARNING:root:Shared stream not running for ./videos/5.mp4, attempting restart
WARNING:root:Shared stream not running for ./videos/5.mp4, attempting restart
WARNING:root:Stream 0c6fbd0d-5a5b-42d6-9d48-64b91527776b frozen (in-memory last_frame_time 59.2s ago). Queuing for restart.
WARNING:root:Stream a7f0f7b1-055a-4783-95a8-ef44b106fe2e frozen (in-memory last_frame_time 59.2s ago). Queuing for restart.
WARNING:root:Stream 3f5a59f7-c030-4d13-8f11-bdfc3e6d9f38 frozen (in-memory last_frame_time 59.2s ago). Queuing for restart.
WARNING:root:Stream 6fd08b52-bc6a-4cc0-8a41-7ca6efd2fdba frozen (in-memory last_frame_time 59.2s ago). Queuing for restart.
WARNING:root:Shared stream not running for ./videos/5.mp4, attempting restart
[ WARN:1@2380745.925] global cap_ffmpeg_impl.hpp:453 _opencv_ffmpeg_interrupt_callback Stream timeout triggered after 30063.713178 ms
[ WARN:0@2380745.939] global cap_ffmpeg_impl.hpp:453 _opencv_ffmpeg_interrupt_callback Stream timeout triggered after 30077.327570 ms
ERROR:root:Cannot read from video source: rtsp://admin:12345678@41.178.2.61:5511/ch14/0
WARNING:root:Validation attempt 1 failed, retrying in 1s...
WARNING:root:🔥 NEW FIRE DETECTION: FIRE detected in e5363bb0-6d8e-49c6-b548-78110a42eddc at frame 120
[ WARN:1@2380775.986] global cap_ffmpeg_impl.hpp:453 _opencv_ffmpeg_interrupt_callback Stream timeout triggered after 30058.614960 ms
ERROR:root:Cannot read from video source: rtsp://admin:12345678@41.178.2.61:5511/ch01/0
[ WARN:2@2380778.076] global cap_ffmpeg_impl.hpp:453 _opencv_ffmpeg_interrupt_callback Stream timeout triggered after 30020.919040 ms
WARNING:root:Frame timeout for stream 0c6fbd0d-5a5b-42d6-9d48-64b91527776b - no frames for 30.0s
WARNING:root:🌊 FIRE CLEARED: e5363bb0-6d8e-49c6-b548-78110a42eddc changed from 'fire' to 'no detection' at frame 130
ERROR:root:Capture thread for ./videos/5.mp4 did not stop within 3.0s timeout. This is unexpected with our improvements. Thread will be abandoned.
WARNING:root:Frame timeout for stream a7f0f7b1-055a-4783-95a8-ef44b106fe2e - no frames for 30.0s
WARNING:root:Shared stream not running for ./videos/5.mp4, attempting restart
WARNING:root:Shared stream not running for ./videos/5.mp4, attempting restart
WARNING:root:Shared stream not running for ./videos/5.mp4, attempting restart
WARNING:root:Shared stream not running for ./videos/5.mp4, attempting restart
WARNING:root:Shared stream not running for ./videos/5.mp4, attempting restart
WARNING:root:Shared stream not running for ./videos/5.mp4, attempting restart
WARNING:root:Shared stream not running for ./videos/5.mp4, attempting restart
WARNING:root:Shared stream not running for ./videos/5.mp4, attempting restart
WARNING:root:Stream 0c6fbd0d-5a5b-42d6-9d48-64b91527776b frozen (in-memory last_frame_time 59.2s ago). Queuing for restart.
WARNING:root:Stream a7f0f7b1-055a-4783-95a8-ef44b106fe2e frozen (in-memory last_frame_time 59.2s ago). Queuing for restart.
WARNING:root:Stream 3f5a59f7-c030-4d13-8f11-bdfc3e6d9f38 frozen (in-memory last_frame_time 59.2s ago). Queuing for restart.
WARNING:root:Stream 6fd08b52-bc6a-4cc0-8a41-7ca6efd2fdba frozen (in-memory last_frame_time 59.1s ago). Queuing for restart.
[ WARN:4@2380808.107] global cap_ffmpeg_impl.hpp:453 _opencv_ffmpeg_interrupt_callback Stream timeout triggered after 30015.604161 ms
[ WARN:2@2380808.139] global cap_ffmpeg_impl.hpp:453 _opencv_ffmpeg_interrupt_callback Stream timeout triggered after 30061.542654 ms
ERROR:root:Cannot read from video source: rtsp://admin:12345678@41.178.2.61:5511/ch01/0
WARNING:root:Validation attempt 1 failed, retrying in 1s...
WARNING:root:Shared stream not running for ./videos/5.mp4, attempting restart
[ WARN:4@2380838.176] global cap_ffmpeg_impl.hpp:453 _opencv_ffmpeg_interrupt_callback Stream timeout triggered after 30068.009408 ms
ERROR:root:Cannot read from video source: rtsp://admin:12345678@41.178.2.61:5511/ch14/0
WARNING:root:Frame timeout for stream a7f0f7b1-055a-4783-95a8-ef44b106fe2e - no frames for 30.0s
[ WARN:6@2380840.416] global cap_ffmpeg_impl.hpp:453 _opencv_ffmpeg_interrupt_callback Stream timeout triggered after 30099.744339 ms
WARNING:root:Frame timeout for stream 0c6fbd0d-5a5b-42d6-9d48-64b91527776b - no frames for 30.0s
WARNING:root:Shared stream not running for ./videos/5.mp4, attempting restart
WARNING:root:Shared stream not running for ./videos/5.mp4, attempting restart
WARNING:root:Shared stream not running for ./videos/5.mp4, attempting restart
WARNING:root:Shared stream not running for ./videos/5.mp4, attempting restart
WARNING:root:Shared stream not running for ./videos/5.mp4, attempting restart
WARNING:root:Shared stream not running for ./videos/5.mp4, attempting restart
WARNING:root:Shared stream not running for ./videos/5.mp4, attempting restart
WARNING:root:Shared stream not running for ./videos/5.mp4, attempting restart
WARNING:root:Shared stream not running for ./videos/5.mp4, attempting restart
WARNING:root:Shared stream not running for ./videos/5.mp4, attempting restart
WARNING:root:Stream 0c6fbd0d-5a5b-42d6-9d48-64b91527776b frozen (in-memory last_frame_time 58.1s ago). Queuing for restart.
WARNING:root:Stream a7f0f7b1-055a-4783-95a8-ef44b106fe2e frozen (in-memory last_frame_time 58.1s ago). Queuing for restart.
WARNING:root:Stream 3f5a59f7-c030-4d13-8f11-bdfc3e6d9f38 frozen (in-memory last_frame_time 58.1s ago). Queuing for restart.
WARNING:root:Stream 6fd08b52-bc6a-4cc0-8a41-7ca6efd2fdba frozen (in-memory last_frame_time 58.0s ago). Queuing for restart.
[ WARN:6@2380870.468] global cap_ffmpeg_impl.hpp:453 _opencv_ffmpeg_interrupt_callback Stream timeout triggered after 30050.809999 ms
ERROR:root:Cannot read from video source: rtsp://admin:12345678@41.178.2.61:5511/ch01/0
[ WARN:3@2380870.489] global cap_ffmpeg_impl.hpp:453 _opencv_ffmpeg_interrupt_callback Stream timeout triggered after 30061.656683 ms
[ WARN:3@2380900.552] global cap_ffmpeg_impl.hpp:453 _opencv_ffmpeg_interrupt_callback Stream timeout triggered after 30061.064466 ms
ERROR:root:Cannot read from video source: rtsp://admin:12345678@41.178.2.61:5511/ch14/0
[ WARN:9@2380901.418] global cap_ffmpeg_impl.hpp:453 _opencv_ffmpeg_interrupt_callback Stream timeout triggered after 30022.139092 ms
WARNING:root:Frame timeout for stream a7f0f7b1-055a-4783-95a8-ef44b106fe2e - no frames for 30.0s
ERROR:root:Capture thread for ./videos/5.mp4 did not stop within 3.0s timeout. This is unexpected with our improvements. Thread will be abandoned.
WARNING:root:Frame timeout for stream 0c6fbd0d-5a5b-42d6-9d48-64b91527776b - no frames for 30.0s
WARNING:root:Shared stream not running for ./videos/5.mp4, attempting restart
WARNING:root:Shared stream not running for ./videos/5.mp4, attempting restart
WARNING:root:Shared stream not running for ./videos/5.mp4, attempting restart
WARNING:root:Shared stream not running for ./videos/5.mp4, attempting restart
WARNING:root:Shared stream not running for ./videos/5.mp4, attempting restart
WARNING:root:Shared stream not running for ./videos/5.mp4, attempting restart
WARNING:root:Shared stream not running for ./videos/5.mp4, attempting restart
WARNING:root:Shared stream not running for ./videos/5.mp4, attempting restart
WARNING:root:Stream 0c6fbd0d-5a5b-42d6-9d48-64b91527776b frozen (in-memory last_frame_time 59.2s ago). Queuing for restart.
WARNING:root:Stream a7f0f7b1-055a-4783-95a8-ef44b106fe2e frozen (in-memory last_frame_time 59.2s ago). Queuing for restart.
WARNING:root:Stream 3f5a59f7-c030-4d13-8f11-bdfc3e6d9f38 frozen (in-memory last_frame_time 59.2s ago). Queuing for restart.
WARNING:root:Stream 6fd08b52-bc6a-4cc0-8a41-7ca6efd2fdba frozen (in-memory last_frame_time 59.1s ago). Queuing for restart.
[ WARN:9@2380931.477] global cap_ffmpeg_impl.hpp:453 _opencv_ffmpeg_interrupt_callback Stream timeout triggered after 30054.556971 ms
ERROR:root:Cannot read from video source: rtsp://admin:12345678@41.178.2.61:5511/ch01/0
WARNING:root:Validation attempt 1 failed, retrying in 1s...
WARNING:root:Shared stream not running for ./videos/5.mp4, attempting restart
[ WARN:11@2380931.533] global cap_ffmpeg_impl.hpp:453 _opencv_ffmpeg_interrupt_callback Stream timeout triggered after 30096.613100 ms
[ WARN:11@2380961.601] global cap_ffmpeg_impl.hpp:453 _opencv_ffmpeg_interrupt_callback Stream timeout triggered after 30067.251288 ms
ERROR:root:Cannot read from video source: rtsp://admin:12345678@41.178.2.61:5511/ch14/0
[ WARN:0@2380963.699] global cap_ffmpeg_impl.hpp:453 _opencv_ffmpeg_interrupt_callback Stream timeout triggered after 30056.584591 ms
WARNING:root:Frame timeout for stream 0c6fbd0d-5a5b-42d6-9d48-64b91527776b - no frames for 30.0s
WARNING:root:Frame timeout for stream a7f0f7b1-055a-4783-95a8-ef44b106fe2e - no frames for 30.0s
WARNING:root:Shared stream not running for ./videos/5.mp4, attempting restart
WARNING:root:Shared stream not running for ./videos/5.mp4, attempting restart
WARNING:root:Shared stream not running for ./videos/5.mp4, attempting restart
WARNING:root:Shared stream not running for ./videos/5.mp4, attempting restart
WARNING:root:Shared stream not running for ./videos/5.mp4, attempting restart
WARNING:root:Shared stream not running for ./videos/5.mp4, attempting restart
WARNING:root:Shared stream not running for ./videos/5.mp4, attempting restart
WARNING:root:Shared stream not running for ./videos/5.mp4, attempting restart
WARNING:root:🔥 NEW FIRE DETECTION: FIRE detected in e5363bb0-6d8e-49c6-b548-78110a42eddc at frame 210
WARNING:root:🔥 NEW FIRE DETECTION: FIRE detected in e5363bb0-6d8e-49c6-b548-78110a42eddc at frame 126210
WARNING:root:SENDING FIRE NOTIFICATION: 🔥 FIRE/SMOKE ALERT: FIRE detected in test3 for stream e5363bb0-6d8e-49c6-b548-78110a42eddc
WARNING:root:No WebSocket subscribers for user 1eb98c01-19d9-4f5f-8954-12c11cdc6cf3 to receive fire alert
WARNING:root:🔥 FIRE NOTIFICATION SENT for e5363bb0-6d8e-49c6-b548-78110a42eddc. Next available: 2025-12-23 22:24:41.478256+02:00
WARNING:root:Shared stream not running for ./videos/5.mp4, attempting restart
WARNING:root:Shared stream not running for ./videos/5.mp4, attempting restart
WARNING:root:Stream 0c6fbd0d-5a5b-42d6-9d48-64b91527776b frozen (in-memory last_frame_time 58.1s ago). Queuing for restart.
WARNING:root:Stream a7f0f7b1-055a-4783-95a8-ef44b106fe2e frozen (in-memory last_frame_time 58.1s ago). Queuing for restart.
WARNING:root:Stream 3f5a59f7-c030-4d13-8f11-bdfc3e6d9f38 frozen (in-memory last_frame_time 58.1s ago). Queuing for restart.
WARNING:root:Stream 6fd08b52-bc6a-4cc0-8a41-7ca6efd2fdba frozen (in-memory last_frame_time 58.0s ago). Queuing for restart.
[ WARN:3@2380993.722] global cap_ffmpeg_impl.hpp:453 _opencv_ffmpeg_interrupt_callback Stream timeout triggered after 30003.543247 ms
[ WARN:0@2380993.775] global cap_ffmpeg_impl.hpp:453 _opencv_ffmpeg_interrupt_callback Stream timeout triggered after 30073.720073 ms
ERROR:root:Cannot read from video source: rtsp://admin:12345678@41.178.2.61:5511/ch01/0
WARNING:root:🌊 FIRE CLEARED: e5363bb0-6d8e-49c6-b548-78110a42eddc changed from 'fire' to 'no detection' at frame 220
ERROR:root:Capture thread for ./videos/5.mp4 did not stop within 3.0s timeout. This is unexpected with our improvements. Thread will be abandoned.
WARNING:root:Shared stream not running for ./videos/5.mp4, attempting restart
[ WARN:3@2381023.780] global cap_ffmpeg_impl.hpp:453 _opencv_ffmpeg_interrupt_callback Stream timeout triggered after 30056.469024 ms
ERROR:root:Cannot read from video source: rtsp://admin:12345678@41.178.2.61:5511/ch14/0
[ WARN:1@2381024.796] global cap_ffmpeg_impl.hpp:453 _opencv_ffmpeg_interrupt_callback Stream timeout triggered after 30066.488695 ms
WARNING:root:Stream 3f5a59f7-c030-4d13-8f11-bdfc3e6d9f38 frozen (in-memory last_frame_time 58.6s ago). Queuing for restart.
WARNING:root:Stream 6fd08b52-bc6a-4cc0-8a41-7ca6efd2fdba frozen (in-memory last_frame_time 58.5s ago). Queuing for restart.
[ WARN:10@2381054.852] global cap_ffmpeg_impl.hpp:453 _opencv_ffmpeg_interrupt_callback Stream timeout triggered after 30054.872055 ms
[ WARN:1@2381054.852] global cap_ffmpeg_impl.hpp:453 _opencv_ffmpeg_interrupt_callback Stream timeout triggered after 30054.874443 ms
ERROR:root:Cannot read from video source: rtsp://admin:12345678@41.178.2.61:5511/ch01/0
[ WARN:10@2381084.909] global cap_ffmpeg_impl.hpp:453 _opencv_ffmpeg_interrupt_callback Stream timeout triggered after 30055.771947 ms
ERROR:root:Cannot read from video source: rtsp://admin:12345678@41.178.2.61:5511/ch14/0
[ WARN:4@2381085.388] global cap_ffmpeg_impl.hpp:453 _opencv_ffmpeg_interrupt_callback Stream timeout triggered after 30089.345376 ms
WARNING:root:Stream 3f5a59f7-c030-4d13-8f11-bdfc3e6d9f38 frozen (in-memory last_frame_time 58.0s ago). Queuing for restart.
WARNING:root:Stream 6fd08b52-bc6a-4cc0-8a41-7ca6efd2fdba frozen (in-memory last_frame_time 58.0s ago). Queuing for restart.
[ WARN:7@2381115.423] global cap_ffmpeg_impl.hpp:453 _opencv_ffmpeg_interrupt_callback Stream timeout triggered after 30033.546419 ms
[ WARN:4@2381115.447] global cap_ffmpeg_impl.hpp:453 _opencv_ffmpeg_interrupt_callback Stream timeout triggered after 30057.308137 ms
ERROR:root:Cannot read from video source: rtsp://admin:12345678@41.178.2.61:5511/ch01/0
[ WARN:11@2381145.459] global cap_ffmpeg_impl.hpp:453 _opencv_ffmpeg_interrupt_callback Stream timeout triggered after 30034.532974 ms
[ WARN:7@2381145.481] global cap_ffmpeg_impl.hpp:453 _opencv_ffmpeg_interrupt_callback Stream timeout triggered after 30056.106115 ms
ERROR:root:Cannot read from video source: rtsp://admin:12345678@41.178.2.61:5511/ch14/0
WARNING:root:Stream 3f5a59f7-c030-4d13-8f11-bdfc3e6d9f38 frozen (in-memory last_frame_time 58.0s ago). Queuing for restart.
WARNING:root:Stream 6fd08b52-bc6a-4cc0-8a41-7ca6efd2fdba frozen (in-memory last_frame_time 58.0s ago). Queuing for restart.
[ WARN:11@2381175.518] global cap_ffmpeg_impl.hpp:453 _opencv_ffmpeg_interrupt_callback Stream timeout triggered after 30057.812167 ms
ERROR:root:Cannot read from video source: rtsp://admin:12345678@41.178.2.61:5511/ch01/0
[ WARN:9@2381175.535] global cap_ffmpeg_impl.hpp:453 _opencv_ffmpeg_interrupt_callback Stream timeout triggered after 30075.087351 ms
[ WARN:6@2381205.591] global cap_ffmpeg_impl.hpp:453 _opencv_ffmpeg_interrupt_callback Stream timeout triggered after 30054.180301 ms
[ WARN:9@2381205.591] global cap_ffmpeg_impl.hpp:453 _opencv_ffmpeg_interrupt_callback Stream timeout triggered after 30054.181852 ms
ERROR:root:Cannot read from video source: rtsp://admin:12345678@41.178.2.61:5511/ch14/0
WARNING:root:Stream 3f5a59f7-c030-4d13-8f11-bdfc3e6d9f38 frozen (in-memory last_frame_time 58.0s ago). Queuing for restart.
WARNING:root:Stream 6fd08b52-bc6a-4cc0-8a41-7ca6efd2fdba frozen (in-memory last_frame_time 58.0s ago). Queuing for restart.
[ WARN:6@2381235.650] global cap_ffmpeg_impl.hpp:453 _opencv_ffmpeg_interrupt_callback Stream timeout triggered after 30057.434827 ms
ERROR:root:Cannot read from video source: rtsp://admin:12345678@41.178.2.61:5511/ch01/0
[ WARN:1@2381235.679] global cap_ffmpeg_impl.hpp:453 _opencv_ffmpeg_interrupt_callback Stream timeout triggered after 30087.016131 ms
[ WARN:2@2381265.725] global cap_ffmpeg_impl.hpp:453 _opencv_ffmpeg_interrupt_callback Stream timeout triggered after 30044.503486 ms
[ WARN:1@2381265.738] global cap_ffmpeg_impl.hpp:453 _opencv_ffmpeg_interrupt_callback Stream timeout triggered after 30057.374705 ms
ERROR:root:Cannot read from video source: rtsp://admin:12345678@41.178.2.61:5511/ch14/0
WARNING:root:Stream 3f5a59f7-c030-4d13-8f11-bdfc3e6d9f38 frozen (in-memory last_frame_time 58.1s ago). Queuing for restart.
WARNING:root:Stream 6fd08b52-bc6a-4cc0-8a41-7ca6efd2fdba frozen (in-memory last_frame_time 58.0s ago). Queuing for restart.
[ WARN:8@2381295.729] global cap_ffmpeg_impl.hpp:453 _opencv_ffmpeg_interrupt_callback Stream timeout triggered after 30002.807602 ms
[ WARN:2@2381295.785] global cap_ffmpeg_impl.hpp:453 _opencv_ffmpeg_interrupt_callback Stream timeout triggered after 30058.345877 ms
ERROR:root:Cannot read from video source: rtsp://admin:12345678@41.178.2.61:5511/ch01/0
[ WARN:8@2381325.789] global cap_ffmpeg_impl.hpp:453 _opencv_ffmpeg_interrupt_callback Stream timeout triggered after 30058.005949 ms
ERROR:root:Cannot read from video source: rtsp://admin:12345678@41.178.2.61:5511/ch14/0
[ WARN:4@2381325.829] global cap_ffmpeg_impl.hpp:453 _opencv_ffmpeg_interrupt_callback Stream timeout triggered after 30098.859181 ms
WARNING:root:Stream 3f5a59f7-c030-4d13-8f11-bdfc3e6d9f38 frozen (in-memory last_frame_time 58.0s ago). Queuing for restart.
WARNING:root:Stream 6fd08b52-bc6a-4cc0-8a41-7ca6efd2fdba frozen (in-memory last_frame_time 58.0s ago). Queuing for restart.
[ WARN:3@2381355.885] global cap_ffmpeg_impl.hpp:453 _opencv_ffmpeg_interrupt_callback Stream timeout triggered after 30054.762978 ms
[ WARN:4@2381355.885] global cap_ffmpeg_impl.hpp:453 _opencv_ffmpeg_interrupt_callback Stream timeout triggered after 30054.826534 ms
ERROR:root:Cannot read from video source: rtsp://admin:12345678@41.178.2.61:5511/ch01/0
[ WARN:3@2381385.945] global cap_ffmpeg_impl.hpp:453 _opencv_ffmpeg_interrupt_callback Stream timeout triggered after 30057.627692 ms
ERROR:root:Cannot read from video source: rtsp://admin:12345678@41.178.2.61:5511/ch14/0
[ WARN:11@2381385.983] global cap_ffmpeg_impl.hpp:453 _opencv_ffmpeg_interrupt_callback Stream timeout triggered after 30096.010822 ms
WARNING:root:Stream 3f5a59f7-c030-4d13-8f11-bdfc3e6d9f38 frozen (in-memory last_frame_time 58.0s ago). Queuing for restart.
WARNING:root:Stream 6fd08b52-bc6a-4cc0-8a41-7ca6efd2fdba frozen (in-memory last_frame_time 58.0s ago). Queuing for restart.
[ WARN:10@2381416.009] global cap_ffmpeg_impl.hpp:453 _opencv_ffmpeg_interrupt_callback Stream timeout triggered after 30023.324031 ms
[ WARN:11@2381416.043] global cap_ffmpeg_impl.hpp:453 _opencv_ffmpeg_interrupt_callback Stream timeout triggered after 30057.490533 ms
ERROR:root:Cannot read from video source: rtsp://admin:12345678@41.178.2.61:5511/ch01/0
[ WARN:10@2381446.067] global cap_ffmpeg_impl.hpp:453 _opencv_ffmpeg_interrupt_callback Stream timeout triggered after 30056.473137 ms
ERROR:root:Cannot read from video source: rtsp://admin:12345678@41.178.2.61:5511/ch14/0
[ WARN:6@2381446.071] global cap_ffmpeg_impl.hpp:453 _opencv_ffmpeg_interrupt_callback Stream timeout triggered after 30060.386967 ms
WARNING:root:Stream 3f5a59f7-c030-4d13-8f11-bdfc3e6d9f38 frozen (in-memory last_frame_time 58.0s ago). Queuing for restart.
WARNING:root:Stream 6fd08b52-bc6a-4cc0-8a41-7ca6efd2fdba frozen (in-memory last_frame_time 58.0s ago). Queuing for restart.
[ WARN:6@2381476.128] global cap_ffmpeg_impl.hpp:453 _opencv_ffmpeg_interrupt_callback Stream timeout triggered after 30056.036760 ms
ERROR:root:Cannot read from video source: rtsp://admin:12345678@41.178.2.61:5511/ch01/0
[ WARN:7@2381476.135] global cap_ffmpeg_impl.hpp:453 _opencv_ffmpeg_interrupt_callback Stream timeout triggered after 30062.800557 ms
[ WARN:2@2381506.147] global cap_ffmpeg_impl.hpp:453 _opencv_ffmpeg_interrupt_callback Stream timeout triggered after 30010.441906 ms
[ WARN:7@2381506.193] global cap_ffmpeg_impl.hpp:453 _opencv_ffmpeg_interrupt_callback Stream timeout triggered after 30055.909972 ms
ERROR:root:Cannot read from video source: rtsp://admin:12345678@41.178.2.61:5511/ch14/0
WARNING:root:Stream 3f5a59f7-c030-4d13-8f11-bdfc3e6d9f38 frozen (in-memory last_frame_time 58.0s ago). Queuing for restart.
WARNING:root:Stream 6fd08b52-bc6a-4cc0-8a41-7ca6efd2fdba frozen (in-memory last_frame_time 58.0s ago). Queuing for restart.
[ WARN:9@2381536.149] global cap_ffmpeg_impl.hpp:453 _opencv_ffmpeg_interrupt_callback Stream timeout triggered after 30000.073726 ms
[ WARN:2@2381536.204] global cap_ffmpeg_impl.hpp:453 _opencv_ffmpeg_interrupt_callback Stream timeout triggered after 30055.414251 ms
ERROR:root:Cannot read from video source: rtsp://admin:12345678@41.178.2.61:5511/ch01/0
[ WARN:4@2381566.199] global cap_ffmpeg_impl.hpp:453 _opencv_ffmpeg_interrupt_callback Stream timeout triggered after 30048.591518 ms
[ WARN:9@2381566.207] global cap_ffmpeg_impl.hpp:453 _opencv_ffmpeg_interrupt_callback Stream timeout triggered after 30056.637955 ms
ERROR:root:Cannot read from video source: rtsp://admin:12345678@41.178.2.61:5511/ch14/0
WARNING:root:Stream 3f5a59f7-c030-4d13-8f11-bdfc3e6d9f38 frozen (in-memory last_frame_time 58.0s ago). Queuing for restart.
WARNING:root:Stream 6fd08b52-bc6a-4cc0-8a41-7ca6efd2fdba frozen (in-memory last_frame_time 58.0s ago). Queuing for restart.
[ WARN:1@2381596.239] global cap_ffmpeg_impl.hpp:453 _opencv_ffmpeg_interrupt_callback Stream timeout triggered after 30038.907187 ms
[ WARN:4@2381596.255] global cap_ffmpeg_impl.hpp:453 _opencv_ffmpeg_interrupt_callback Stream timeout triggered after 30055.603919 ms
ERROR:root:Cannot read from video source: rtsp://admin:12345678@41.178.2.61:5511/ch01/0
[ WARN:1@2381626.296] global cap_ffmpeg_impl.hpp:453 _opencv_ffmpeg_interrupt_callback Stream timeout triggered after 30056.273895 ms
ERROR:root:Cannot read from video source: rtsp://admin:12345678@41.178.2.61:5511/ch14/0
[ WARN:11@2381626.325] global cap_ffmpeg_impl.hpp:453 _opencv_ffmpeg_interrupt_callback Stream timeout triggered after 30085.543043 ms
WARNING:root:Stream 3f5a59f7-c030-4d13-8f11-bdfc3e6d9f38 frozen (in-memory last_frame_time 58.0s ago). Queuing for restart.
WARNING:root:Stream 6fd08b52-bc6a-4cc0-8a41-7ca6efd2fdba frozen (in-memory last_frame_time 58.0s ago). Queuing for restart.
[ WARN:8@2381656.371] global cap_ffmpeg_impl.hpp:453 _opencv_ffmpeg_interrupt_callback Stream timeout triggered after 30044.026895 ms
[ WARN:11@2381656.383] global cap_ffmpeg_impl.hpp:453 _opencv_ffmpeg_interrupt_callback Stream timeout triggered after 30056.508746 ms
ERROR:root:Cannot read from video source: rtsp://admin:12345678@41.178.2.61:5511/ch01/0
[ WARN:8@2381686.429] global cap_ffmpeg_impl.hpp:453 _opencv_ffmpeg_interrupt_callback Stream timeout triggered after 30057.111775 ms
ERROR:root:Cannot read from video source: rtsp://admin:12345678@41.178.2.61:5511/ch14/0
[ WARN:6@2381686.441] global cap_ffmpeg_impl.hpp:453 _opencv_ffmpeg_interrupt_callback Stream timeout triggered after 30068.616216 ms
WARNING:root:Stream 3f5a59f7-c030-4d13-8f11-bdfc3e6d9f38 frozen (in-memory last_frame_time 58.0s ago). Queuing for restart.
WARNING:root:Stream 6fd08b52-bc6a-4cc0-8a41-7ca6efd2fdba frozen (in-memory last_frame_time 58.0s ago). Queuing for restart.
[ WARN:6@2381716.499] global cap_ffmpeg_impl.hpp:453 _opencv_ffmpeg_interrupt_callback Stream timeout triggered after 30056.209685 ms
ERROR:root:Cannot read from video source: rtsp://admin:12345678@41.178.2.61:5511/ch01/0
[ WARN:3@2381716.518] global cap_ffmpeg_impl.hpp:453 _opencv_ffmpeg_interrupt_callback Stream timeout triggered after 30075.529657 ms
[ WARN:3@2381746.576] global cap_ffmpeg_impl.hpp:453 _opencv_ffmpeg_interrupt_callback Stream timeout triggered after 30056.587479 ms
ERROR:root:Cannot read from video source: rtsp://admin:12345678@41.178.2.61:5511/ch14/0
[ WARN:2@2381746.614] global cap_ffmpeg_impl.hpp:453 _opencv_ffmpeg_interrupt_callback Stream timeout triggered after 30094.162428 ms
[ WARN:2@2381776.671] global cap_ffmpeg_impl.hpp:453 _opencv_ffmpeg_interrupt_callback Stream timeout triggered after 30055.644652 ms
ERROR:root:Cannot read from video source: rtsp://admin:12345678@41.178.2.61:5511/ch01/0
[ WARN:10@2381776.698] global cap_ffmpeg_impl.hpp:453 _opencv_ffmpeg_interrupt_callback Stream timeout triggered after 30083.240896 ms
[ WARN:10@2381806.755] global cap_ffmpeg_impl.hpp:453 _opencv_ffmpeg_interrupt_callback Stream timeout triggered after 30055.816246 ms
ERROR:root:Cannot read from video source: rtsp://admin:12345678@41.178.2.61:5511/ch14/0
[ WARN:4@2382398.490] global cap_ffmpeg_impl.hpp:453 _opencv_ffmpeg_interrupt_callback Stream timeout triggered after 30017.407667 ms
[ WARN:4@2382428.521] global cap_ffmpeg_impl.hpp:453 _opencv_ffmpeg_interrupt_callback Stream timeout triggered after 30030.054908 ms
ERROR:root:Cannot read from video source: rtsp://admin:12345678@41.178.2.61:554/ch12/0
WARNING:root:Validation attempt 1 failed, retrying in 1s...
WARNING:root:Stream 56ca5445-cc78-4157-a5ca-505b5ce63d28 frozen (in-memory last_frame_time 66.1s ago). Queuing for restart.
[ WARN:2@2382459.536] global cap_ffmpeg_impl.hpp:453 _opencv_ffmpeg_interrupt_callback Stream timeout triggered after 30010.603862 ms
[ WARN:0@2382489.604] global cap_ffmpeg_impl.hpp:453 _opencv_ffmpeg_interrupt_callback Stream timeout triggered after 30066.936252 ms
[ WARN:2@2382489.621] global cap_ffmpeg_impl.hpp:453 _opencv_ffmpeg_interrupt_callback Stream timeout triggered after 30083.187346 ms
ERROR:root:Cannot read from video source: rtsp://admin:12345678@41.178.2.61:554/ch12/0
[ WARN:0@2382519.662] global cap_ffmpeg_impl.hpp:453 _opencv_ffmpeg_interrupt_callback Stream timeout triggered after 30056.462007 ms
ERROR:root:Cannot read from video source: rtsp://admin:12345678@41.178.2.61:554/ch12/0
[ WARN:9@2382810.526] global cap_ffmpeg_impl.hpp:453 _opencv_ffmpeg_interrupt_callback Stream timeout triggered after 30074.508656 ms
[ WARN:9@2382840.583] global cap_ffmpeg_impl.hpp:453 _opencv_ffmpeg_interrupt_callback Stream timeout triggered after 30055.880513 ms
ERROR:root:Cannot read from video source: rtsp://admin:12345678@41.178.2.61:554/ch12/0
WARNING:root:🔥 NEW FIRE DETECTION: FIRE detected in e5363bb0-6d8e-49c6-b548-78110a42eddc at frame 50
WARNING:root:🌊 FIRE CLEARED: e5363bb0-6d8e-49c6-b548-78110a42eddc changed from 'fire' to 'no detection' at frame 60
WARNING:root:🔥 NEW FIRE DETECTION: FIRE detected in e5363bb0-6d8e-49c6-b548-78110a42eddc at frame 130
WARNING:root:🌊 FIRE CLEARED: e5363bb0-6d8e-49c6-b548-78110a42eddc changed from 'fire' to 'no detection' at frame 140
[ WARN:6@2422605.827] global cap_ffmpeg_impl.hpp:453 _opencv_ffmpeg_interrupt_callback Stream timeout triggered after 30099.007951 ms
[ WARN:6@2422635.887] global cap_ffmpeg_impl.hpp:453 _opencv_ffmpeg_interrupt_callback Stream timeout triggered after 30058.035868 ms
ERROR:root:Cannot read from video source: rtsp://admin:12345678@41.178.2.61:554/ch12/0
WARNING:root:Validation attempt 1 failed, retrying in 1s...
[ WARN:4@2422666.955] global cap_ffmpeg_impl.hpp:453 _opencv_ffmpeg_interrupt_callback Stream timeout triggered after 30067.349063 ms
WARNING:root:Stream 56ca5445-cc78-4157-a5ca-505b5ce63d28 frozen (in-memory last_frame_time 94.1s ago). Queuing for restart.
[ WARN:4@2422697.013] global cap_ffmpeg_impl.hpp:453 _opencv_ffmpeg_interrupt_callback Stream timeout triggered after 30056.053075 ms
ERROR:root:Cannot read from video source: rtsp://admin:12345678@41.178.2.61:554/ch12/0
[ WARN:1@2422701.879] global cap_ffmpeg_impl.hpp:453 _opencv_ffmpeg_interrupt_callback Stream timeout triggered after 30059.667694 ms
WARNING:root:Stream 56ca5445-cc78-4157-a5ca-505b5ce63d28 frozen (in-memory last_frame_time 58.0s ago). Queuing for restart.
[ WARN:1@2422731.937] global cap_ffmpeg_impl.hpp:453 _opencv_ffmpeg_interrupt_callback Stream timeout triggered after 30056.936851 ms
ERROR:root:Cannot read from video source: rtsp://admin:12345678@41.178.2.61:554/ch12/0
[ WARN:9@2422761.887] global cap_ffmpeg_impl.hpp:453 _opencv_ffmpeg_interrupt_callback Stream timeout triggered after 30012.297857 ms
WARNING:root:Stream 56ca5445-cc78-4157-a5ca-505b5ce63d28 frozen (in-memory last_frame_time 58.0s ago). Queuing for restart.
[ WARN:9@2422791.944] global cap_ffmpeg_impl.hpp:453 _opencv_ffmpeg_interrupt_callback Stream timeout triggered after 30055.919385 ms
ERROR:root:Cannot read from video source: rtsp://admin:12345678@41.178.2.61:554/ch12/0
[ WARN:10@2422822.004] global cap_ffmpeg_impl.hpp:453 _opencv_ffmpeg_interrupt_callback Stream timeout triggered after 30076.788155 ms
WARNING:root:Stream 56ca5445-cc78-4157-a5ca-505b5ce63d28 frozen (in-memory last_frame_time 58.0s ago). Queuing for restart.
[ WARN:10@2422852.061] global cap_ffmpeg_impl.hpp:453 _opencv_ffmpeg_interrupt_callback Stream timeout triggered after 30055.684582 ms
ERROR:root:Cannot read from video source: rtsp://admin:12345678@41.178.2.61:554/ch12/0
[ WARN:2@2422882.008] global cap_ffmpeg_impl.hpp:453 _opencv_ffmpeg_interrupt_callback Stream timeout triggered after 30020.861351 ms
WARNING:root:Stream 56ca5445-cc78-4157-a5ca-505b5ce63d28 frozen (in-memory last_frame_time 58.1s ago). Queuing for restart.
[ WARN:2@2422912.065] global cap_ffmpeg_impl.hpp:453 _opencv_ffmpeg_interrupt_callback Stream timeout triggered after 30055.420684 ms
ERROR:root:Cannot read from video source: rtsp://admin:12345678@41.178.2.61:554/ch12/0
[ WARN:8@2422942.113] global cap_ffmpeg_impl.hpp:453 _opencv_ffmpeg_interrupt_callback Stream timeout triggered after 30055.349811 ms
WARNING:root:Stream 56ca5445-cc78-4157-a5ca-505b5ce63d28 frozen (in-memory last_frame_time 58.0s ago). Queuing for restart.
[ WARN:8@2422972.170] global cap_ffmpeg_impl.hpp:453 _opencv_ffmpeg_interrupt_callback Stream timeout triggered after 30055.743145 ms
ERROR:root:Cannot read from video source: rtsp://admin:12345678@41.178.2.61:554/ch12/0
[ WARN:7@2423002.145] global cap_ffmpeg_impl.hpp:453 _opencv_ffmpeg_interrupt_callback Stream timeout triggered after 30027.753580 ms
WARNING:root:Stream 56ca5445-cc78-4157-a5ca-505b5ce63d28 frozen (in-memory last_frame_time 58.0s ago). Queuing for restart.
[ WARN:7@2423032.203] global cap_ffmpeg_impl.hpp:453 _opencv_ffmpeg_interrupt_callback Stream timeout triggered after 30056.658234 ms
ERROR:root:Cannot read from video source: rtsp://admin:12345678@41.178.2.61:554/ch12/0
[ WARN:4@2423062.195] global cap_ffmpeg_impl.hpp:453 _opencv_ffmpeg_interrupt_callback Stream timeout triggered after 30023.972998 ms
WARNING:root:Stream 56ca5445-cc78-4157-a5ca-505b5ce63d28 frozen (in-memory last_frame_time 58.0s ago). Queuing for restart.
[ WARN:4@2423092.253] global cap_ffmpeg_impl.hpp:453 _opencv_ffmpeg_interrupt_callback Stream timeout triggered after 30055.819164 ms
ERROR:root:Cannot read from video source: rtsp://admin:12345678@41.178.2.61:554/ch12/0
[ WARN:1@2423122.250] global cap_ffmpeg_impl.hpp:453 _opencv_ffmpeg_interrupt_callback Stream timeout triggered after 30019.563406 ms
WARNING:root:Stream 56ca5445-cc78-4157-a5ca-505b5ce63d28 frozen (in-memory last_frame_time 58.0s ago). Queuing for restart.
[ WARN:1@2423152.306] global cap_ffmpeg_impl.hpp:453 _opencv_ffmpeg_interrupt_callback Stream timeout triggered after 30054.618086 ms
ERROR:root:Cannot read from video source: rtsp://admin:12345678@41.178.2.61:554/ch12/0
[ WARN:9@2423182.304] global cap_ffmpeg_impl.hpp:453 _opencv_ffmpeg_interrupt_callback Stream timeout triggered after 30014.095189 ms
WARNING:root:Stream 56ca5445-cc78-4157-a5ca-505b5ce63d28 frozen (in-memory last_frame_time 58.0s ago). Queuing for restart.
[ WARN:9@2423212.360] global cap_ffmpeg_impl.hpp:453 _opencv_ffmpeg_interrupt_callback Stream timeout triggered after 30054.783391 ms
ERROR:root:Cannot read from video source: rtsp://admin:12345678@41.178.2.61:554/ch12/0
[ WARN:10@2423242.379] global cap_ffmpeg_impl.hpp:453 _opencv_ffmpeg_interrupt_callback Stream timeout triggered after 30037.129065 ms
WARNING:root:Stream 56ca5445-cc78-4157-a5ca-505b5ce63d28 frozen (in-memory last_frame_time 58.0s ago). Queuing for restart.
[ WARN:10@2423272.436] global cap_ffmpeg_impl.hpp:453 _opencv_ffmpeg_interrupt_callback Stream timeout triggered after 30055.965206 ms
ERROR:root:Cannot read from video source: rtsp://admin:12345678@41.178.2.61:554/ch12/0
[ WARN:2@2423302.392] global cap_ffmpeg_impl.hpp:453 _opencv_ffmpeg_interrupt_callback Stream timeout triggered after 30007.788133 ms
WARNING:root:Stream 56ca5445-cc78-4157-a5ca-505b5ce63d28 frozen (in-memory last_frame_time 58.0s ago). Queuing for restart.
[ WARN:2@2423332.449] global cap_ffmpeg_impl.hpp:453 _opencv_ffmpeg_interrupt_callback Stream timeout triggered after 30055.434978 ms
ERROR:root:Cannot read from video source: rtsp://admin:12345678@41.178.2.61:554/ch12/0
[ WARN:8@2423362.519] global cap_ffmpeg_impl.hpp:453 _opencv_ffmpeg_interrupt_callback Stream timeout triggered after 30072.324441 ms
WARNING:root:Stream 56ca5445-cc78-4157-a5ca-505b5ce63d28 frozen (in-memory last_frame_time 58.0s ago). Queuing for restart.
[ WARN:8@2423392.576] global cap_ffmpeg_impl.hpp:453 _opencv_ffmpeg_interrupt_callback Stream timeout triggered after 30055.900599 ms
ERROR:root:Cannot read from video source: rtsp://admin:12345678@41.178.2.61:554/ch12/0
[ WARN:7@2423422.537] global cap_ffmpeg_impl.hpp:453 _opencv_ffmpeg_interrupt_callback Stream timeout triggered after 30033.311202 ms
WARNING:root:Stream 56ca5445-cc78-4157-a5ca-505b5ce63d28 frozen (in-memory last_frame_time 58.0s ago). Queuing for restart.
[ WARN:7@2423452.594] global cap_ffmpeg_impl.hpp:453 _opencv_ffmpeg_interrupt_callback Stream timeout triggered after 30056.424830 ms
ERROR:root:Cannot read from video source: rtsp://admin:12345678@41.178.2.61:554/ch12/0
[ WARN:4@2423482.614] global cap_ffmpeg_impl.hpp:453 _opencv_ffmpeg_interrupt_callback Stream timeout triggered after 30060.324623 ms
WARNING:root:Stream 56ca5445-cc78-4157-a5ca-505b5ce63d28 frozen (in-memory last_frame_time 58.0s ago). Queuing for restart.
[ WARN:4@2423512.674] global cap_ffmpeg_impl.hpp:453 _opencv_ffmpeg_interrupt_callback Stream timeout triggered after 30059.447434 ms
ERROR:root:Cannot read from video source: rtsp://admin:12345678@41.178.2.61:554/ch12/0
[ WARN:1@2423542.691] global cap_ffmpeg_impl.hpp:453 _opencv_ffmpeg_interrupt_callback Stream timeout triggered after 30076.094669 ms
WARNING:root:Stream 56ca5445-cc78-4157-a5ca-505b5ce63d28 frozen (in-memory last_frame_time 58.0s ago). Queuing for restart.
[ WARN:1@2423572.750] global cap_ffmpeg_impl.hpp:453 _opencv_ffmpeg_interrupt_callback Stream timeout triggered after 30057.354177 ms
ERROR:root:Cannot read from video source: rtsp://admin:12345678@41.178.2.61:554/ch12/0
[ WARN:9@2423602.762] global cap_ffmpeg_impl.hpp:453 _opencv_ffmpeg_interrupt_callback Stream timeout triggered after 30089.731058 ms
WARNING:root:Stream 56ca5445-cc78-4157-a5ca-505b5ce63d28 frozen (in-memory last_frame_time 58.0s ago). Queuing for restart.
[ WARN:9@2423632.820] global cap_ffmpeg_impl.hpp:453 _opencv_ffmpeg_interrupt_callback Stream timeout triggered after 30056.846726 ms
ERROR:root:Cannot read from video source: rtsp://admin:12345678@41.178.2.61:554/ch12/0
[ WARN:10@2423662.812] global cap_ffmpeg_impl.hpp:453 _opencv_ffmpeg_interrupt_callback Stream timeout triggered after 30082.222412 ms
WARNING:root:Stream 56ca5445-cc78-4157-a5ca-505b5ce63d28 frozen (in-memory last_frame_time 58.0s ago). Queuing for restart.
[ WARN:10@2423692.870] global cap_ffmpeg_impl.hpp:453 _opencv_ffmpeg_interrupt_callback Stream timeout triggered after 30056.665683 ms
ERROR:root:Cannot read from video source: rtsp://admin:12345678@41.178.2.61:554/ch12/0
[ WARN:2@2423722.876] global cap_ffmpeg_impl.hpp:453 _opencv_ffmpeg_interrupt_callback Stream timeout triggered after 30082.585191 ms
WARNING:root:Stream 56ca5445-cc78-4157-a5ca-505b5ce63d28 frozen (in-memory last_frame_time 58.0s ago). Queuing for restart.
[ WARN:2@2423752.933] global cap_ffmpeg_impl.hpp:453 _opencv_ffmpeg_interrupt_callback Stream timeout triggered after 30055.972787 ms
ERROR:root:Cannot read from video source: rtsp://admin:12345678@41.178.2.61:554/ch12/0
[ WARN:8@2423782.872] global cap_ffmpeg_impl.hpp:453 _opencv_ffmpeg_interrupt_callback Stream timeout triggered after 30023.485243 ms
WARNING:root:Stream 56ca5445-cc78-4157-a5ca-505b5ce63d28 frozen (in-memory last_frame_time 58.0s ago). Queuing for restart.
[ WARN:8@2423812.928] global cap_ffmpeg_impl.hpp:453 _opencv_ffmpeg_interrupt_callback Stream timeout triggered after 30054.508155 ms
ERROR:root:Cannot read from video source: rtsp://admin:12345678@41.178.2.61:554/ch12/0
[ WARN:7@2423842.936] global cap_ffmpeg_impl.hpp:453 _opencv_ffmpeg_interrupt_callback Stream timeout triggered after 30030.832029 ms
WARNING:root:Stream 56ca5445-cc78-4157-a5ca-505b5ce63d28 frozen (in-memory last_frame_time 58.0s ago). Queuing for restart.
[ WARN:7@2423872.993] global cap_ffmpeg_impl.hpp:453 _opencv_ffmpeg_interrupt_callback Stream timeout triggered after 30055.705122 ms
ERROR:root:Cannot read from video source: rtsp://admin:12345678@41.178.2.61:554/ch12/0
[ WARN:4@2423903.046] global cap_ffmpeg_impl.hpp:453 _opencv_ffmpeg_interrupt_callback Stream timeout triggered after 30087.667280 ms
WARNING:root:Stream 56ca5445-cc78-4157-a5ca-505b5ce63d28 frozen (in-memory last_frame_time 58.1s ago). Queuing for restart.
[ WARN:4@2423933.104] global cap_ffmpeg_impl.hpp:453 _opencv_ffmpeg_interrupt_callback Stream timeout triggered after 30056.453641 ms
ERROR:root:Cannot read from video source: rtsp://admin:12345678@41.178.2.61:554/ch12/0
[ WARN:1@2423963.053] global cap_ffmpeg_impl.hpp:453 _opencv_ffmpeg_interrupt_callback Stream timeout triggered after 30007.357411 ms
WARNING:root:Stream 56ca5445-cc78-4157-a5ca-505b5ce63d28 frozen (in-memory last_frame_time 58.0s ago). Queuing for restart.
[ WARN:1@2423993.110] global cap_ffmpeg_impl.hpp:453 _opencv_ffmpeg_interrupt_callback Stream timeout triggered after 30055.621038 ms
ERROR:root:Cannot read from video source: rtsp://admin:12345678@41.178.2.61:554/ch12/0
[ WARN:9@2424023.166] global cap_ffmpeg_impl.hpp:453 _opencv_ffmpeg_interrupt_callback Stream timeout triggered after 30066.333632 ms
WARNING:root:Stream 56ca5445-cc78-4157-a5ca-505b5ce63d28 frozen (in-memory last_frame_time 58.0s ago). Queuing for restart.
[ WARN:9@2424053.224] global cap_ffmpeg_impl.hpp:453 _opencv_ffmpeg_interrupt_callback Stream timeout triggered after 30056.283039 ms
ERROR:root:Cannot read from video source: rtsp://admin:12345678@41.178.2.61:554/ch12/0
[ WARN:10@2424083.218] global cap_ffmpeg_impl.hpp:453 _opencv_ffmpeg_interrupt_callback Stream timeout triggered after 30073.562304 ms
WARNING:root:Stream 56ca5445-cc78-4157-a5ca-505b5ce63d28 frozen (in-memory last_frame_time 58.0s ago). Queuing for restart.
[ WARN:10@2424113.275] global cap_ffmpeg_impl.hpp:453 _opencv_ffmpeg_interrupt_callback Stream timeout triggered after 30055.794838 ms
ERROR:root:Cannot read from video source: rtsp://admin:12345678@41.178.2.61:554/ch12/0
[ WARN:2@2424143.221] global cap_ffmpeg_impl.hpp:453 _opencv_ffmpeg_interrupt_callback Stream timeout triggered after 30017.490904 ms
WARNING:root:Stream 56ca5445-cc78-4157-a5ca-505b5ce63d28 frozen (in-memory last_frame_time 58.0s ago). Queuing for restart.
[ WARN:2@2424173.276] global cap_ffmpeg_impl.hpp:453 _opencv_ffmpeg_interrupt_callback Stream timeout triggered after 30054.383712 ms
ERROR:root:Cannot read from video source: rtsp://admin:12345678@41.178.2.61:554/ch12/0
[ WARN:8@2424203.293] global cap_ffmpeg_impl.hpp:453 _opencv_ffmpeg_interrupt_callback Stream timeout triggered after 30031.974257 ms
WARNING:root:Stream 56ca5445-cc78-4157-a5ca-505b5ce63d28 frozen (in-memory last_frame_time 58.0s ago). Queuing for restart.
[ WARN:8@2424233.350] global cap_ffmpeg_impl.hpp:453 _opencv_ffmpeg_interrupt_callback Stream timeout triggered after 30055.855802 ms
ERROR:root:Cannot read from video source: rtsp://admin:12345678@41.178.2.61:554/ch12/0
[ WARN:7@2424263.391] global cap_ffmpeg_impl.hpp:453 _opencv_ffmpeg_interrupt_callback Stream timeout triggered after 30078.489527 ms
WARNING:root:Stream 56ca5445-cc78-4157-a5ca-505b5ce63d28 frozen (in-memory last_frame_time 58.0s ago). Queuing for restart.
[ WARN:7@2424293.448] global cap_ffmpeg_impl.hpp:453 _opencv_ffmpeg_interrupt_callback Stream timeout triggered after 30055.574209 ms
ERROR:root:Cannot read from video source: rtsp://admin:12345678@41.178.2.61:554/ch12/0
[ WARN:4@2424323.422] global cap_ffmpeg_impl.hpp:453 _opencv_ffmpeg_interrupt_callback Stream timeout triggered after 30058.007920 ms
WARNING:root:Stream 56ca5445-cc78-4157-a5ca-505b5ce63d28 frozen (in-memory last_frame_time 58.0s ago). Queuing for restart.
[ WARN:4@2424353.482] global cap_ffmpeg_impl.hpp:453 _opencv_ffmpeg_interrupt_callback Stream timeout triggered after 30058.304976 ms
ERROR:root:Cannot read from video source: rtsp://admin:12345678@41.178.2.61:554/ch12/0
[ WARN:1@2424383.437] global cap_ffmpeg_impl.hpp:453 _opencv_ffmpeg_interrupt_callback Stream timeout triggered after 30013.899175 ms
WARNING:root:Stream 56ca5445-cc78-4157-a5ca-505b5ce63d28 frozen (in-memory last_frame_time 58.0s ago). Queuing for restart.
[ WARN:1@2424413.497] global cap_ffmpeg_impl.hpp:453 _opencv_ffmpeg_interrupt_callback Stream timeout triggered after 30059.108989 ms
ERROR:root:Cannot read from video source: rtsp://admin:12345678@41.178.2.61:554/ch12/0
[ WARN:9@2424443.540] global cap_ffmpeg_impl.hpp:453 _opencv_ffmpeg_interrupt_callback Stream timeout triggered after 30053.067121 ms
WARNING:root:Stream 56ca5445-cc78-4157-a5ca-505b5ce63d28 frozen (in-memory last_frame_time 58.0s ago). Queuing for restart.
[ WARN:9@2424473.598] global cap_ffmpeg_impl.hpp:453 _opencv_ffmpeg_interrupt_callback Stream timeout triggered after 30056.019881 ms
ERROR:root:Cannot read from video source: rtsp://admin:12345678@41.178.2.61:554/ch12/0
[ WARN:10@2424503.581] global cap_ffmpeg_impl.hpp:453 _opencv_ffmpeg_interrupt_callback Stream timeout triggered after 30045.139128 ms
WARNING:root:Stream 56ca5445-cc78-4157-a5ca-505b5ce63d28 frozen (in-memory last_frame_time 58.0s ago). Queuing for restart.
[ WARN:10@2424533.640] global cap_ffmpeg_impl.hpp:453 _opencv_ffmpeg_interrupt_callback Stream timeout triggered after 30057.269340 ms
ERROR:root:Cannot read from video source: rtsp://admin:12345678@41.178.2.61:554/ch12/0
[ WARN:2@2424563.667] global cap_ffmpeg_impl.hpp:453 _opencv_ffmpeg_interrupt_callback Stream timeout triggered after 30071.741198 ms
WARNING:root:Stream 56ca5445-cc78-4157-a5ca-505b5ce63d28 frozen (in-memory last_frame_time 58.0s ago). Queuing for restart.
[ WARN:2@2424593.728] global cap_ffmpeg_impl.hpp:453 _opencv_ffmpeg_interrupt_callback Stream timeout triggered after 30059.730427 ms
ERROR:root:Cannot read from video source: rtsp://admin:12345678@41.178.2.61:554/ch12/0
[ WARN:8@2424623.681] global cap_ffmpeg_impl.hpp:453 _opencv_ffmpeg_interrupt_callback Stream timeout triggered after 30024.470590 ms
WARNING:root:Stream 56ca5445-cc78-4157-a5ca-505b5ce63d28 frozen (in-memory last_frame_time 58.0s ago). Queuing for restart.
[ WARN:8@2424653.737] global cap_ffmpeg_impl.hpp:453 _opencv_ffmpeg_interrupt_callback Stream timeout triggered after 30055.083666 ms
ERROR:root:Cannot read from video source: rtsp://admin:12345678@41.178.2.61:554/ch12/0
[ WARN:7@2424683.726] global cap_ffmpeg_impl.hpp:453 _opencv_ffmpeg_interrupt_callback Stream timeout triggered after 30016.273326 ms
WARNING:root:Stream 56ca5445-cc78-4157-a5ca-505b5ce63d28 frozen (in-memory last_frame_time 58.0s ago). Queuing for restart.
[ WARN:7@2424713.784] global cap_ffmpeg_impl.hpp:453 _opencv_ffmpeg_interrupt_callback Stream timeout triggered after 30056.160501 ms
ERROR:root:Cannot read from video source: rtsp://admin:12345678@41.178.2.61:554/ch12/0
[ WARN:4@2424743.841] global cap_ffmpeg_impl.hpp:453 _opencv_ffmpeg_interrupt_callback Stream timeout triggered after 30071.586716 ms
WARNING:root:Stream 56ca5445-cc78-4157-a5ca-505b5ce63d28 frozen (in-memory last_frame_time 58.0s ago). Queuing for restart.
[ WARN:4@2424773.899] global cap_ffmpeg_impl.hpp:453 _opencv_ffmpeg_interrupt_callback Stream timeout triggered after 30056.784352 ms
ERROR:root:Cannot read from video source: rtsp://admin:12345678@41.178.2.61:554/ch12/0
[ WARN:1@2424803.903] global cap_ffmpeg_impl.hpp:453 _opencv_ffmpeg_interrupt_callback Stream timeout triggered after 30079.463111 ms
WARNING:root:Stream 56ca5445-cc78-4157-a5ca-505b5ce63d28 frozen (in-memory last_frame_time 58.0s ago). Queuing for restart.
[ WARN:1@2424833.961] global cap_ffmpeg_impl.hpp:453 _opencv_ffmpeg_interrupt_callback Stream timeout triggered after 30056.830899 ms
ERROR:root:Cannot read from video source: rtsp://admin:12345678@41.178.2.61:554/ch12/0
[ WARN:9@2424863.927] global cap_ffmpeg_impl.hpp:453 _opencv_ffmpeg_interrupt_callback Stream timeout triggered after 30044.323493 ms
WARNING:root:Stream 56ca5445-cc78-4157-a5ca-505b5ce63d28 frozen (in-memory last_frame_time 58.0s ago). Queuing for restart.
[ WARN:9@2424893.984] global cap_ffmpeg_impl.hpp:453 _opencv_ffmpeg_interrupt_callback Stream timeout triggered after 30055.828578 ms
ERROR:root:Cannot read from video source: rtsp://admin:12345678@41.178.2.61:554/ch12/0
[ WARN:10@2424923.938] global cap_ffmpeg_impl.hpp:453 _opencv_ffmpeg_interrupt_callback Stream timeout triggered after 30000.011987 ms
WARNING:root:Stream 56ca5445-cc78-4157-a5ca-505b5ce63d28 frozen (in-memory last_frame_time 58.0s ago). Queuing for restart.
[ WARN:10@2424953.995] global cap_ffmpeg_impl.hpp:453 _opencv_ffmpeg_interrupt_callback Stream timeout triggered after 30055.126161 ms
ERROR:root:Cannot read from video source: rtsp://admin:12345678@41.178.2.61:554/ch12/0
[ WARN:2@2424984.019] global cap_ffmpeg_impl.hpp:453 _opencv_ffmpeg_interrupt_callback Stream timeout triggered after 30013.698258 ms
WARNING:root:Stream 56ca5445-cc78-4157-a5ca-505b5ce63d28 frozen (in-memory last_frame_time 58.0s ago). Queuing for restart.
[ WARN:2@2425014.076] global cap_ffmpeg_impl.hpp:453 _opencv_ffmpeg_interrupt_callback Stream timeout triggered after 30055.632859 ms
ERROR:root:Cannot read from video source: rtsp://admin:12345678@41.178.2.61:554/ch12/0
[ WARN:8@2425044.108] global cap_ffmpeg_impl.hpp:453 _opencv_ffmpeg_interrupt_callback Stream timeout triggered after 30046.126583 ms
WARNING:root:Stream 56ca5445-cc78-4157-a5ca-505b5ce63d28 frozen (in-memory last_frame_time 58.0s ago). Queuing for restart.
[ WARN:8@2425074.166] global cap_ffmpeg_impl.hpp:453 _opencv_ffmpeg_interrupt_callback Stream timeout triggered after 30057.504127 ms
ERROR:root:Cannot read from video source: rtsp://admin:12345678@41.178.2.61:554/ch12/0
[ WARN:7@2425104.195] global cap_ffmpeg_impl.hpp:453 _opencv_ffmpeg_interrupt_callback Stream timeout triggered after 30070.421193 ms
WARNING:root:Stream 56ca5445-cc78-4157-a5ca-505b5ce63d28 frozen (in-memory last_frame_time 58.1s ago). Queuing for restart.
[ WARN:7@2425134.253] global cap_ffmpeg_impl.hpp:453 _opencv_ffmpeg_interrupt_callback Stream timeout triggered after 30056.618903 ms
ERROR:root:Cannot read from video source: rtsp://admin:12345678@41.178.2.61:554/ch12/0
[ WARN:4@2425164.208] global cap_ffmpeg_impl.hpp:453 _opencv_ffmpeg_interrupt_callback Stream timeout triggered after 30017.559010 ms
WARNING:root:Stream 56ca5445-cc78-4157-a5ca-505b5ce63d28 frozen (in-memory last_frame_time 58.0s ago). Queuing for restart.
[ WARN:4@2425194.265] global cap_ffmpeg_impl.hpp:453 _opencv_ffmpeg_interrupt_callback Stream timeout triggered after 30055.611907 ms
ERROR:root:Cannot read from video source: rtsp://admin:12345678@41.178.2.61:554/ch12/0
[ WARN:1@2425224.316] global cap_ffmpeg_impl.hpp:453 _opencv_ffmpeg_interrupt_callback Stream timeout triggered after 30066.231548 ms
WARNING:root:Stream 56ca5445-cc78-4157-a5ca-505b5ce63d28 frozen (in-memory last_frame_time 58.0s ago). Queuing for restart.
[ WARN:1@2425254.374] global cap_ffmpeg_impl.hpp:453 _opencv_ffmpeg_interrupt_callback Stream timeout triggered after 30056.602026 ms
ERROR:root:Cannot read from video source: rtsp://admin:12345678@41.178.2.61:554/ch12/0
[ WARN:9@2425284.346] global cap_ffmpeg_impl.hpp:453 _opencv_ffmpeg_interrupt_callback Stream timeout triggered after 30038.518325 ms
WARNING:root:Stream 56ca5445-cc78-4157-a5ca-505b5ce63d28 frozen (in-memory last_frame_time 58.0s ago). Queuing for restart.
[ WARN:9@2425314.403] global cap_ffmpeg_impl.hpp:453 _opencv_ffmpeg_interrupt_callback Stream timeout triggered after 30056.204019 ms
ERROR:root:Cannot read from video source: rtsp://admin:12345678@41.178.2.61:554/ch12/0
[ WARN:0@2425344.405] global cap_ffmpeg_impl.hpp:453 _opencv_ffmpeg_interrupt_callback Stream timeout triggered after 30033.231904 ms
WARNING:root:Stream 56ca5445-cc78-4157-a5ca-505b5ce63d28 frozen (in-memory last_frame_time 58.0s ago). Queuing for restart.
[ WARN:0@2425374.463] global cap_ffmpeg_impl.hpp:453 _opencv_ffmpeg_interrupt_callback Stream timeout triggered after 30056.412493 ms
ERROR:root:Cannot read from video source: rtsp://admin:12345678@41.178.2.61:554/ch12/0
[ WARN:2@2425404.526] global cap_ffmpeg_impl.hpp:453 _opencv_ffmpeg_interrupt_callback Stream timeout triggered after 30095.194483 ms
WARNING:root:Stream 56ca5445-cc78-4157-a5ca-505b5ce63d28 frozen (in-memory last_frame_time 58.0s ago). Queuing for restart.
[ WARN:2@2425434.584] global cap_ffmpeg_impl.hpp:453 _opencv_ffmpeg_interrupt_callback Stream timeout triggered after 30057.166003 ms
ERROR:root:Cannot read from video source: rtsp://admin:12345678@41.178.2.61:554/ch12/0
[ WARN:8@2425464.576] global cap_ffmpeg_impl.hpp:453 _opencv_ffmpeg_interrupt_callback Stream timeout triggered after 30090.749593 ms
WARNING:root:Stream 56ca5445-cc78-4157-a5ca-505b5ce63d28 frozen (in-memory last_frame_time 58.0s ago). Queuing for restart.
[ WARN:8@2425494.633] global cap_ffmpeg_impl.hpp:453 _opencv_ffmpeg_interrupt_callback Stream timeout triggered after 30055.518860 ms
ERROR:root:Cannot read from video source: rtsp://admin:12345678@41.178.2.61:554/ch12/0
[ WARN:7@2425524.598] global cap_ffmpeg_impl.hpp:453 _opencv_ffmpeg_interrupt_callback Stream timeout triggered after 30059.088647 ms
WARNING:root:Stream 56ca5445-cc78-4157-a5ca-505b5ce63d28 frozen (in-memory last_frame_time 58.0s ago). Queuing for restart.
[ WARN:7@2425554.655] global cap_ffmpeg_impl.hpp:453 _opencv_ffmpeg_interrupt_callback Stream timeout triggered after 30055.112024 ms
ERROR:root:Cannot read from video source: rtsp://admin:12345678@41.178.2.61:554/ch12/0
[ WARN:4@2425584.634] global cap_ffmpeg_impl.hpp:453 _opencv_ffmpeg_interrupt_callback Stream timeout triggered after 30042.759410 ms
WARNING:root:Stream 56ca5445-cc78-4157-a5ca-505b5ce63d28 frozen (in-memory last_frame_time 58.0s ago). Queuing for restart.
[ WARN:4@2425614.691] global cap_ffmpeg_impl.hpp:453 _opencv_ffmpeg_interrupt_callback Stream timeout triggered after 30055.674418 ms
ERROR:root:Cannot read from video source: rtsp://admin:12345678@41.178.2.61:554/ch12/0
[ WARN:1@2425644.746] global cap_ffmpeg_impl.hpp:453 _opencv_ffmpeg_interrupt_callback Stream timeout triggered after 30093.303951 ms
WARNING:root:Stream 56ca5445-cc78-4157-a5ca-505b5ce63d28 frozen (in-memory last_frame_time 58.0s ago). Queuing for restart.
[ WARN:1@2425674.803] global cap_ffmpeg_impl.hpp:453 _opencv_ffmpeg_interrupt_callback Stream timeout triggered after 30055.887770 ms
ERROR:root:Cannot read from video source: rtsp://admin:12345678@41.178.2.61:554/ch12/0
[ WARN:9@2425704.747] global cap_ffmpeg_impl.hpp:453 _opencv_ffmpeg_interrupt_callback Stream timeout triggered after 30040.194326 ms
WARNING:root:Stream 56ca5445-cc78-4157-a5ca-505b5ce63d28 frozen (in-memory last_frame_time 58.1s ago). Queuing for restart.
[ WARN:9@2425734.803] global cap_ffmpeg_impl.hpp:453 _opencv_ffmpeg_interrupt_callback Stream timeout triggered after 30054.904722 ms
ERROR:root:Cannot read from video source: rtsp://admin:12345678@41.178.2.61:554/ch12/0
[ WARN:0@2425764.807] global cap_ffmpeg_impl.hpp:453 _opencv_ffmpeg_interrupt_callback Stream timeout triggered after 30034.083982 ms
WARNING:root:Stream 56ca5445-cc78-4157-a5ca-505b5ce63d28 frozen (in-memory last_frame_time 58.0s ago). Queuing for restart.
[ WARN:0@2425794.864] global cap_ffmpeg_impl.hpp:453 _opencv_ffmpeg_interrupt_callback Stream timeout triggered after 30055.814109 ms
ERROR:root:Cannot read from video source: rtsp://admin:12345678@41.178.2.61:554/ch12/0
[ WARN:2@2425824.896] global cap_ffmpeg_impl.hpp:453 _opencv_ffmpeg_interrupt_callback Stream timeout triggered after 30069.377724 ms
WARNING:root:Stream 56ca5445-cc78-4157-a5ca-505b5ce63d28 frozen (in-memory last_frame_time 58.0s ago). Queuing for restart.
[ WARN:2@2425854.953] global cap_ffmpeg_impl.hpp:453 _opencv_ffmpeg_interrupt_callback Stream timeout triggered after 30056.266815 ms
ERROR:root:Cannot read from video source: rtsp://admin:12345678@41.178.2.61:554/ch12/0
[ WARN:8@2425884.909] global cap_ffmpeg_impl.hpp:453 _opencv_ffmpeg_interrupt_callback Stream timeout triggered after 30033.414660 ms
WARNING:root:Stream 56ca5445-cc78-4157-a5ca-505b5ce63d28 frozen (in-memory last_frame_time 58.0s ago). Queuing for restart.
[ WARN:8@2425914.966] global cap_ffmpeg_impl.hpp:453 _opencv_ffmpeg_interrupt_callback Stream timeout triggered after 30055.987743 ms
ERROR:root:Cannot read from video source: rtsp://admin:12345678@41.178.2.61:554/ch12/0
[ WARN:7@2425944.958] global cap_ffmpeg_impl.hpp:453 _opencv_ffmpeg_interrupt_callback Stream timeout triggered after 30027.600150 ms
WARNING:root:Stream 56ca5445-cc78-4157-a5ca-505b5ce63d28 frozen (in-memory last_frame_time 58.0s ago). Queuing for restart.
[ WARN:7@2425975.015] global cap_ffmpeg_impl.hpp:453 _opencv_ffmpeg_interrupt_callback Stream timeout triggered after 30055.352581 ms
ERROR:root:Cannot read from video source: rtsp://admin:12345678@41.178.2.61:554/ch12/0
[ WARN:4@2426005.032] global cap_ffmpeg_impl.hpp:453 _opencv_ffmpeg_interrupt_callback Stream timeout triggered after 30049.666551 ms
WARNING:root:Stream 56ca5445-cc78-4157-a5ca-505b5ce63d28 frozen (in-memory last_frame_time 58.0s ago). Queuing for restart.
[ WARN:4@2426035.089] global cap_ffmpeg_impl.hpp:453 _opencv_ffmpeg_interrupt_callback Stream timeout triggered after 30055.780875 ms
ERROR:root:Cannot read from video source: rtsp://admin:12345678@41.178.2.61:554/ch12/0
[ WARN:1@2426065.032] global cap_ffmpeg_impl.hpp:453 _opencv_ffmpeg_interrupt_callback Stream timeout triggered after 30000.215908 ms
WARNING:root:Stream 56ca5445-cc78-4157-a5ca-505b5ce63d28 frozen (in-memory last_frame_time 58.0s ago). Queuing for restart.
[ WARN:1@2426095.089] global cap_ffmpeg_impl.hpp:453 _opencv_ffmpeg_interrupt_callback Stream timeout triggered after 30055.729365 ms
ERROR:root:Cannot read from video source: rtsp://admin:12345678@41.178.2.61:554/ch12/0
[ WARN:9@2426125.088] global cap_ffmpeg_impl.hpp:453 _opencv_ffmpeg_interrupt_callback Stream timeout triggered after 30000.538176 ms
WARNING:root:Stream 56ca5445-cc78-4157-a5ca-505b5ce63d28 frozen (in-memory last_frame_time 58.0s ago). Queuing for restart.
[ WARN:9@2426155.145] global cap_ffmpeg_impl.hpp:453 _opencv_ffmpeg_interrupt_callback Stream timeout triggered after 30055.190864 ms
ERROR:root:Cannot read from video source: rtsp://admin:12345678@41.178.2.61:554/ch12/0
[ WARN:0@2426185.202] global cap_ffmpeg_impl.hpp:453 _opencv_ffmpeg_interrupt_callback Stream timeout triggered after 30055.065067 ms
WARNING:root:Stream 56ca5445-cc78-4157-a5ca-505b5ce63d28 frozen (in-memory last_frame_time 58.0s ago). Queuing for restart.
[ WARN:0@2426215.259] global cap_ffmpeg_impl.hpp:453 _opencv_ffmpeg_interrupt_callback Stream timeout triggered after 30055.810804 ms
ERROR:root:Cannot read from video source: rtsp://admin:12345678@41.178.2.61:554/ch12/0
[ WARN:2@2426245.274] global cap_ffmpeg_impl.hpp:453 _opencv_ffmpeg_interrupt_callback Stream timeout triggered after 30069.694187 ms
WARNING:root:Stream 56ca5445-cc78-4157-a5ca-505b5ce63d28 frozen (in-memory last_frame_time 58.0s ago). Queuing for restart.
[ WARN:2@2426275.331] global cap_ffmpeg_impl.hpp:453 _opencv_ffmpeg_interrupt_callback Stream timeout triggered after 30056.219390 ms
ERROR:root:Cannot read from video source: rtsp://admin:12345678@41.178.2.61:554/ch12/0
[ WARN:8@2426305.310] global cap_ffmpeg_impl.hpp:453 _opencv_ffmpeg_interrupt_callback Stream timeout triggered after 30051.822143 ms
WARNING:root:Stream 56ca5445-cc78-4157-a5ca-505b5ce63d28 frozen (in-memory last_frame_time 58.0s ago). Queuing for restart.
[ WARN:8@2426335.367] global cap_ffmpeg_impl.hpp:453 _opencv_ffmpeg_interrupt_callback Stream timeout triggered after 30055.289496 ms
ERROR:root:Cannot read from video source: rtsp://admin:12345678@41.178.2.61:554/ch12/0
[ WARN:7@2426365.384] global cap_ffmpeg_impl.hpp:453 _opencv_ffmpeg_interrupt_callback Stream timeout triggered after 30067.572689 ms
WARNING:root:Stream 56ca5445-cc78-4157-a5ca-505b5ce63d28 frozen (in-memory last_frame_time 58.0s ago). Queuing for restart.
[ WARN:7@2426395.442] global cap_ffmpeg_impl.hpp:453 _opencv_ffmpeg_interrupt_callback Stream timeout triggered after 30056.837947 ms
ERROR:root:Cannot read from video source: rtsp://admin:12345678@41.178.2.61:554/ch12/0
[ WARN:4@2426425.453] global cap_ffmpeg_impl.hpp:453 _opencv_ffmpeg_interrupt_callback Stream timeout triggered after 30078.109798 ms
WARNING:root:Stream 56ca5445-cc78-4157-a5ca-505b5ce63d28 frozen (in-memory last_frame_time 58.0s ago). Queuing for restart.
[ WARN:4@2426455.511] global cap_ffmpeg_impl.hpp:453 _opencv_ffmpeg_interrupt_callback Stream timeout triggered after 30056.638572 ms
ERROR:root:Cannot read from video source: rtsp://admin:12345678@41.178.2.61:554/ch12/0
[ WARN:1@2426485.460] global cap_ffmpeg_impl.hpp:453 _opencv_ffmpeg_interrupt_callback Stream timeout triggered after 30041.253187 ms
WARNING:root:Stream 56ca5445-cc78-4157-a5ca-505b5ce63d28 frozen (in-memory last_frame_time 58.0s ago). Queuing for restart.
[ WARN:1@2426515.517] global cap_ffmpeg_impl.hpp:453 _opencv_ffmpeg_interrupt_callback Stream timeout triggered after 30055.797836 ms
ERROR:root:Cannot read from video source: rtsp://admin:12345678@41.178.2.61:554/ch12/0
[ WARN:10@2426545.556] global cap_ffmpeg_impl.hpp:453 _opencv_ffmpeg_interrupt_callback Stream timeout triggered after 30081.247793 ms
WARNING:root:Stream 56ca5445-cc78-4157-a5ca-505b5ce63d28 frozen (in-memory last_frame_time 58.0s ago). Queuing for restart.
[ WARN:10@2426575.615] global cap_ffmpeg_impl.hpp:453 _opencv_ffmpeg_interrupt_callback Stream timeout triggered after 30058.323296 ms
ERROR:root:Cannot read from video source: rtsp://admin:12345678@41.178.2.61:554/ch12/0
[ WARN:0@2426605.530] global cap_ffmpeg_impl.hpp:453 _opencv_ffmpeg_interrupt_callback Stream timeout triggered after 30004.250497 ms
WARNING:root:Stream 56ca5445-cc78-4157-a5ca-505b5ce63d28 frozen (in-memory last_frame_time 58.0s ago). Queuing for restart.
[ WARN:0@2426635.587] global cap_ffmpeg_impl.hpp:453 _opencv_ffmpeg_interrupt_callback Stream timeout triggered after 30055.098835 ms
ERROR:root:Cannot read from video source: rtsp://admin:12345678@41.178.2.61:554/ch12/0
[ WARN:2@2426665.616] global cap_ffmpeg_impl.hpp:453 _opencv_ffmpeg_interrupt_callback Stream timeout triggered after 30035.131308 ms
WARNING:root:Stream 56ca5445-cc78-4157-a5ca-505b5ce63d28 frozen (in-memory last_frame_time 58.0s ago). Queuing for restart.
[ WARN:2@2426695.672] global cap_ffmpeg_impl.hpp:453 _opencv_ffmpeg_interrupt_callback Stream timeout triggered after 30054.832157 ms
ERROR:root:Cannot read from video source: rtsp://admin:12345678@41.178.2.61:554/ch12/0
[ WARN:8@2426725.639] global cap_ffmpeg_impl.hpp:453 _opencv_ffmpeg_interrupt_callback Stream timeout triggered after 30009.860913 ms
WARNING:root:Stream 56ca5445-cc78-4157-a5ca-505b5ce63d28 frozen (in-memory last_frame_time 58.0s ago). Queuing for restart.
[ WARN:8@2426755.695] global cap_ffmpeg_impl.hpp:453 _opencv_ffmpeg_interrupt_callback Stream timeout triggered after 30055.169729 ms
ERROR:root:Cannot read from video source: rtsp://admin:12345678@41.178.2.61:554/ch12/0
[ WARN:7@2426785.720] global cap_ffmpeg_impl.hpp:453 _opencv_ffmpeg_interrupt_callback Stream timeout triggered after 30038.572925 ms
WARNING:root:Stream 56ca5445-cc78-4157-a5ca-505b5ce63d28 frozen (in-memory last_frame_time 58.0s ago). Queuing for restart.
[ WARN:7@2426815.777] global cap_ffmpeg_impl.hpp:453 _opencv_ffmpeg_interrupt_callback Stream timeout triggered after 30055.767850 ms
ERROR:root:Cannot read from video source: rtsp://admin:12345678@41.178.2.61:554/ch12/0
[ WARN:4@2426845.793] global cap_ffmpeg_impl.hpp:453 _opencv_ffmpeg_interrupt_callback Stream timeout triggered after 30057.190867 ms
WARNING:root:Stream 56ca5445-cc78-4157-a5ca-505b5ce63d28 frozen (in-memory last_frame_time 58.0s ago). Queuing for restart.
[ WARN:4@2426875.851] global cap_ffmpeg_impl.hpp:453 _opencv_ffmpeg_interrupt_callback Stream timeout triggered after 30057.026116 ms
ERROR:root:Cannot read from video source: rtsp://admin:12345678@41.178.2.61:554/ch12/0
[ WARN:1@2426905.859] global cap_ffmpeg_impl.hpp:453 _opencv_ffmpeg_interrupt_callback Stream timeout triggered after 30075.175606 ms
WARNING:root:Stream 56ca5445-cc78-4157-a5ca-505b5ce63d28 frozen (in-memory last_frame_time 58.0s ago). Queuing for restart.
[ WARN:1@2426935.917] global cap_ffmpeg_impl.hpp:453 _opencv_ffmpeg_interrupt_callback Stream timeout triggered after 30056.327606 ms
ERROR:root:Cannot read from video source: rtsp://admin:12345678@41.178.2.61:554/ch12/0
[ WARN:10@2426965.902] global cap_ffmpeg_impl.hpp:453 _opencv_ffmpeg_interrupt_callback Stream timeout triggered after 30058.813040 ms
WARNING:root:Stream 56ca5445-cc78-4157-a5ca-505b5ce63d28 frozen (in-memory last_frame_time 58.0s ago). Queuing for restart.
[ WARN:10@2426995.961] global cap_ffmpeg_impl.hpp:453 _opencv_ffmpeg_interrupt_callback Stream timeout triggered after 30057.911732 ms
ERROR:root:Cannot read from video source: rtsp://admin:12345678@41.178.2.61:554/ch12/0
[ WARN:0@2427025.914] global cap_ffmpeg_impl.hpp:453 _opencv_ffmpeg_interrupt_callback Stream timeout triggered after 30020.894196 ms
WARNING:root:Stream 56ca5445-cc78-4157-a5ca-505b5ce63d28 frozen (in-memory last_frame_time 58.0s ago). Queuing for restart.
[ WARN:0@2427055.971] global cap_ffmpeg_impl.hpp:453 _opencv_ffmpeg_interrupt_callback Stream timeout triggered after 30055.321426 ms
ERROR:root:Cannot read from video source: rtsp://admin:12345678@41.178.2.61:554/ch12/0
[ WARN:2@2427086.016] global cap_ffmpeg_impl.hpp:453 _opencv_ffmpeg_interrupt_callback Stream timeout triggered after 30070.376038 ms
WARNING:root:Stream 56ca5445-cc78-4157-a5ca-505b5ce63d28 frozen (in-memory last_frame_time 58.0s ago). Queuing for restart.
[ WARN:2@2427116.073] global cap_ffmpeg_impl.hpp:453 _opencv_ffmpeg_interrupt_callback Stream timeout triggered after 30055.870748 ms
ERROR:root:Cannot read from video source: rtsp://admin:12345678@41.178.2.61:554/ch12/0
[ WARN:8@2427146.062] global cap_ffmpeg_impl.hpp:453 _opencv_ffmpeg_interrupt_callback Stream timeout triggered after 30050.471511 ms
WARNING:root:Stream 56ca5445-cc78-4157-a5ca-505b5ce63d28 frozen (in-memory last_frame_time 58.0s ago). Queuing for restart.
[ WARN:8@2427176.119] global cap_ffmpeg_impl.hpp:453 _opencv_ffmpeg_interrupt_callback Stream timeout triggered after 30055.633489 ms
ERROR:root:Cannot read from video source: rtsp://admin:12345678@41.178.2.61:554/ch12/0
[ WARN:7@2427206.161] global cap_ffmpeg_impl.hpp:453 _opencv_ffmpeg_interrupt_callback Stream timeout triggered after 30089.783161 ms
WARNING:root:Stream 56ca5445-cc78-4157-a5ca-505b5ce63d28 frozen (in-memory last_frame_time 58.0s ago). Queuing for restart.
[ WARN:7@2427236.219] global cap_ffmpeg_impl.hpp:453 _opencv_ffmpeg_interrupt_callback Stream timeout triggered after 30056.596077 ms
ERROR:root:Cannot read from video source: rtsp://admin:12345678@41.178.2.61:554/ch12/0
[ WARN:4@2427266.164] global cap_ffmpeg_impl.hpp:453 _opencv_ffmpeg_interrupt_callback Stream timeout triggered after 30048.554496 ms
WARNING:root:Stream 56ca5445-cc78-4157-a5ca-505b5ce63d28 frozen (in-memory last_frame_time 58.0s ago). Queuing for restart.
[ WARN:4@2427296.222] global cap_ffmpeg_impl.hpp:453 _opencv_ffmpeg_interrupt_callback Stream timeout triggered after 30057.099107 ms
ERROR:root:Cannot read from video source: rtsp://admin:12345678@41.178.2.61:554/ch12/0
[ WARN:1@2427326.263] global cap_ffmpeg_impl.hpp:453 _opencv_ffmpeg_interrupt_callback Stream timeout triggered after 30097.938894 ms
WARNING:root:Stream 56ca5445-cc78-4157-a5ca-505b5ce63d28 frozen (in-memory last_frame_time 58.0s ago). Queuing for restart.
[ WARN:1@2427356.320] global cap_ffmpeg_impl.hpp:453 _opencv_ffmpeg_interrupt_callback Stream timeout triggered after 30056.148007 ms
ERROR:root:Cannot read from video source: rtsp://admin:12345678@41.178.2.61:554/ch12/0
[ WARN:10@2427386.269] global cap_ffmpeg_impl.hpp:453 _opencv_ffmpeg_interrupt_callback Stream timeout triggered after 30044.385681 ms
WARNING:root:Stream 56ca5445-cc78-4157-a5ca-505b5ce63d28 frozen (in-memory last_frame_time 58.0s ago). Queuing for restart.
[ WARN:10@2427416.327] global cap_ffmpeg_impl.hpp:453 _opencv_ffmpeg_interrupt_callback Stream timeout triggered after 30055.781939 ms
ERROR:root:Cannot read from video source: rtsp://admin:12345678@41.178.2.61:554/ch12/0
[ WARN:0@2427446.331] global cap_ffmpeg_impl.hpp:453 _opencv_ffmpeg_interrupt_callback Stream timeout triggered after 30050.180173 ms
WARNING:root:Stream 56ca5445-cc78-4157-a5ca-505b5ce63d28 frozen (in-memory last_frame_time 58.1s ago). Queuing for restart.
[ WARN:0@2427476.388] global cap_ffmpeg_impl.hpp:453 _opencv_ffmpeg_interrupt_callback Stream timeout triggered after 30055.229206 ms
ERROR:root:Cannot read from video source: rtsp://admin:12345678@41.178.2.61:554/ch12/0
[ WARN:2@2427506.364] global cap_ffmpeg_impl.hpp:453 _opencv_ffmpeg_interrupt_callback Stream timeout triggered after 30018.733600 ms
WARNING:root:Stream 56ca5445-cc78-4157-a5ca-505b5ce63d28 frozen (in-memory last_frame_time 58.0s ago). Queuing for restart.
[ WARN:2@2427536.420] global cap_ffmpeg_impl.hpp:453 _opencv_ffmpeg_interrupt_callback Stream timeout triggered after 30054.915142 ms
ERROR:root:Cannot read from video source: rtsp://admin:12345678@41.178.2.61:554/ch12/0
[ WARN:8@2427566.420] global cap_ffmpeg_impl.hpp:453 _opencv_ffmpeg_interrupt_callback Stream timeout triggered after 30020.368895 ms
WARNING:root:Stream 56ca5445-cc78-4157-a5ca-505b5ce63d28 frozen (in-memory last_frame_time 58.0s ago). Queuing for restart.
[ WARN:8@2427596.477] global cap_ffmpeg_impl.hpp:453 _opencv_ffmpeg_interrupt_callback Stream timeout triggered after 30055.550356 ms
ERROR:root:Cannot read from video source: rtsp://admin:12345678@41.178.2.61:554/ch12/0
[ WARN:7@2427626.451] global cap_ffmpeg_impl.hpp:453 _opencv_ffmpeg_interrupt_callback Stream timeout triggered after 30001.291052 ms
WARNING:root:Stream 56ca5445-cc78-4157-a5ca-505b5ce63d28 frozen (in-memory last_frame_time 58.0s ago). Queuing for restart.
[ WARN:7@2427656.508] global cap_ffmpeg_impl.hpp:453 _opencv_ffmpeg_interrupt_callback Stream timeout triggered after 30055.977982 ms
ERROR:root:Cannot read from video source: rtsp://admin:12345678@41.178.2.61:554/ch12/0
[ WARN:4@2427686.536] global cap_ffmpeg_impl.hpp:453 _opencv_ffmpeg_interrupt_callback Stream timeout triggered after 30036.636826 ms
WARNING:root:Stream 56ca5445-cc78-4157-a5ca-505b5ce63d28 frozen (in-memory last_frame_time 58.0s ago). Queuing for restart.
[ WARN:4@2427716.594] global cap_ffmpeg_impl.hpp:453 _opencv_ffmpeg_interrupt_callback Stream timeout triggered after 30056.346366 ms
ERROR:root:Cannot read from video source: rtsp://admin:12345678@41.178.2.61:554/ch12/0
[ WARN:1@2427746.568] global cap_ffmpeg_impl.hpp:453 _opencv_ffmpeg_interrupt_callback Stream timeout triggered after 30002.988407 ms
WARNING:root:Stream 56ca5445-cc78-4157-a5ca-505b5ce63d28 frozen (in-memory last_frame_time 58.0s ago). Queuing for restart.
[ WARN:1@2427776.625] global cap_ffmpeg_impl.hpp:453 _opencv_ffmpeg_interrupt_callback Stream timeout triggered after 30055.307912 ms
ERROR:root:Cannot read from video source: rtsp://admin:12345678@41.178.2.61:554/ch12/0
[ WARN:10@2427806.696] global cap_ffmpeg_impl.hpp:453 _opencv_ffmpeg_interrupt_callback Stream timeout triggered after 30070.419235 ms
WARNING:root:Stream 56ca5445-cc78-4157-a5ca-505b5ce63d28 frozen (in-memory last_frame_time 58.0s ago). Queuing for restart.
[ WARN:10@2427836.753] global cap_ffmpeg_impl.hpp:453 _opencv_ffmpeg_interrupt_callback Stream timeout triggered after 30055.349477 ms
ERROR:root:Cannot read from video source: rtsp://admin:12345678@41.178.2.61:554/ch12/0
[ WARN:0@2427866.734] global cap_ffmpeg_impl.hpp:453 _opencv_ffmpeg_interrupt_callback Stream timeout triggered after 30055.884850 ms
WARNING:root:Stream 56ca5445-cc78-4157-a5ca-505b5ce63d28 frozen (in-memory last_frame_time 58.0s ago). Queuing for restart.
[ WARN:0@2427896.794] global cap_ffmpeg_impl.hpp:453 _opencv_ffmpeg_interrupt_callback Stream timeout triggered after 30058.549541 ms
ERROR:root:Cannot read from video source: rtsp://admin:12345678@41.178.2.61:554/ch12/0
[ WARN:2@2427926.736] global cap_ffmpeg_impl.hpp:453 _opencv_ffmpeg_interrupt_callback Stream timeout triggered after 30003.371822 ms
WARNING:root:Stream 56ca5445-cc78-4157-a5ca-505b5ce63d28 frozen (in-memory last_frame_time 58.0s ago). Queuing for restart.
[ WARN:2@2427956.792] global cap_ffmpeg_impl.hpp:453 _opencv_ffmpeg_interrupt_callback Stream timeout triggered after 30054.813397 ms
ERROR:root:Cannot read from video source: rtsp://admin:12345678@41.178.2.61:554/ch12/0
[ WARN:8@2427986.834] global cap_ffmpeg_impl.hpp:453 _opencv_ffmpeg_interrupt_callback Stream timeout triggered after 30034.299133 ms
WARNING:root:Stream 56ca5445-cc78-4157-a5ca-505b5ce63d28 frozen (in-memory last_frame_time 58.0s ago). Queuing for restart.
[ WARN:8@2428016.890] global cap_ffmpeg_impl.hpp:453 _opencv_ffmpeg_interrupt_callback Stream timeout triggered after 30055.101878 ms
ERROR:root:Cannot read from video source: rtsp://admin:12345678@41.178.2.61:554/ch12/0
[ WARN:7@2428046.880] global cap_ffmpeg_impl.hpp:453 _opencv_ffmpeg_interrupt_callback Stream timeout triggered after 30021.608137 ms
WARNING:root:Stream 56ca5445-cc78-4157-a5ca-505b5ce63d28 frozen (in-memory last_frame_time 58.0s ago). Queuing for restart.
[ WARN:7@2428076.936] global cap_ffmpeg_impl.hpp:453 _opencv_ffmpeg_interrupt_callback Stream timeout triggered after 30054.548829 ms
ERROR:root:Cannot read from video source: rtsp://admin:12345678@41.178.2.61:554/ch12/0
[ WARN:4@2428106.976] global cap_ffmpeg_impl.hpp:453 _opencv_ffmpeg_interrupt_callback Stream timeout triggered after 30057.001085 ms
WARNING:root:Stream 56ca5445-cc78-4157-a5ca-505b5ce63d28 frozen (in-memory last_frame_time 58.1s ago). Queuing for restart.
[ WARN:4@2428137.034] global cap_ffmpeg_impl.hpp:453 _opencv_ffmpeg_interrupt_callback Stream timeout triggered after 30055.940519 ms
ERROR:root:Cannot read from video source: rtsp://admin:12345678@41.178.2.61:554/ch12/0
[ WARN:3@2428167.055] global cap_ffmpeg_impl.hpp:453 _opencv_ffmpeg_interrupt_callback Stream timeout triggered after 30067.826506 ms
WARNING:root:Stream 56ca5445-cc78-4157-a5ca-505b5ce63d28 frozen (in-memory last_frame_time 58.0s ago). Queuing for restart.
[ WARN:3@2428197.113] global cap_ffmpeg_impl.hpp:453 _opencv_ffmpeg_interrupt_callback Stream timeout triggered after 30056.529740 ms
ERROR:root:Cannot read from video source: rtsp://admin:12345678@41.178.2.61:554/ch12/0
[ WARN:10@2428227.051] global cap_ffmpeg_impl.hpp:453 _opencv_ffmpeg_interrupt_callback Stream timeout triggered after 30007.040591 ms
WARNING:root:Stream 56ca5445-cc78-4157-a5ca-505b5ce63d28 frozen (in-memory last_frame_time 58.0s ago). Queuing for restart.
[ WARN:10@2428257.108] global cap_ffmpeg_impl.hpp:453 _opencv_ffmpeg_interrupt_callback Stream timeout triggered after 30055.811574 ms
ERROR:root:Cannot read from video source: rtsp://admin:12345678@41.178.2.61:554/ch12/0
[ WARN:0@2428287.181] global cap_ffmpeg_impl.hpp:453 _opencv_ffmpeg_interrupt_callback Stream timeout triggered after 30075.185516 ms
WARNING:root:Stream 56ca5445-cc78-4157-a5ca-505b5ce63d28 frozen (in-memory last_frame_time 58.0s ago). Queuing for restart.
[ WARN:0@2428317.239] global cap_ffmpeg_impl.hpp:453 _opencv_ffmpeg_interrupt_callback Stream timeout triggered after 30056.910815 ms
ERROR:root:Cannot read from video source: rtsp://admin:12345678@41.178.2.61:554/ch12/0
[ WARN:9@2428347.206] global cap_ffmpeg_impl.hpp:453 _opencv_ffmpeg_interrupt_callback Stream timeout triggered after 30042.776429 ms
WARNING:root:Stream 56ca5445-cc78-4157-a5ca-505b5ce63d28 frozen (in-memory last_frame_time 58.1s ago). Queuing for restart.
[ WARN:9@2428377.263] global cap_ffmpeg_impl.hpp:453 _opencv_ffmpeg_interrupt_callback Stream timeout triggered after 30055.559252 ms
ERROR:root:Cannot read from video source: rtsp://admin:12345678@41.178.2.61:554/ch12/0
[ WARN:8@2428407.284] global cap_ffmpeg_impl.hpp:453 _opencv_ffmpeg_interrupt_callback Stream timeout triggered after 30044.679321 ms
WARNING:root:Stream 56ca5445-cc78-4157-a5ca-505b5ce63d28 frozen (in-memory last_frame_time 58.0s ago). Queuing for restart.
[ WARN:8@2428437.340] global cap_ffmpeg_impl.hpp:453 _opencv_ffmpeg_interrupt_callback Stream timeout triggered after 30054.659279 ms
ERROR:root:Cannot read from video source: rtsp://admin:12345678@41.178.2.61:554/ch12/0
[ WARN:7@2428467.350] global cap_ffmpeg_impl.hpp:453 _opencv_ffmpeg_interrupt_callback Stream timeout triggered after 30052.157443 ms
WARNING:root:Stream 56ca5445-cc78-4157-a5ca-505b5ce63d28 frozen (in-memory last_frame_time 58.0s ago). Queuing for restart.
[ WARN:7@2428497.406] global cap_ffmpeg_impl.hpp:453 _opencv_ffmpeg_interrupt_callback Stream timeout triggered after 30055.117350 ms
ERROR:root:Cannot read from video source: rtsp://admin:12345678@41.178.2.61:554/ch12/0
[ WARN:4@2428527.396] global cap_ffmpeg_impl.hpp:453 _opencv_ffmpeg_interrupt_callback Stream timeout triggered after 30040.824819 ms
WARNING:root:Stream 56ca5445-cc78-4157-a5ca-505b5ce63d28 frozen (in-memory last_frame_time 58.0s ago). Queuing for restart.
[ WARN:4@2428557.453] global cap_ffmpeg_impl.hpp:453 _opencv_ffmpeg_interrupt_callback Stream timeout triggered after 30055.645650 ms
ERROR:root:Cannot read from video source: rtsp://admin:12345678@41.178.2.61:554/ch12/0
[ WARN:3@2428587.501] global cap_ffmpeg_impl.hpp:453 _opencv_ffmpeg_interrupt_callback Stream timeout triggered after 30092.307042 ms
WARNING:root:Stream 56ca5445-cc78-4157-a5ca-505b5ce63d28 frozen (in-memory last_frame_time 58.0s ago). Queuing for restart.
[ WARN:3@2428617.557] global cap_ffmpeg_impl.hpp:453 _opencv_ffmpeg_interrupt_callback Stream timeout triggered after 30055.095872 ms
ERROR:root:Cannot read from video source: rtsp://admin:12345678@41.178.2.61:554/ch12/0
[ WARN:10@2428647.485] global cap_ffmpeg_impl.hpp:453 _opencv_ffmpeg_interrupt_callback Stream timeout triggered after 30014.451061 ms
WARNING:root:Stream 56ca5445-cc78-4157-a5ca-505b5ce63d28 frozen (in-memory last_frame_time 58.0s ago). Queuing for restart.
[ WARN:10@2428677.541] global cap_ffmpeg_impl.hpp:453 _opencv_ffmpeg_interrupt_callback Stream timeout triggered after 30054.742270 ms
ERROR:root:Cannot read from video source: rtsp://admin:12345678@41.178.2.61:554/ch12/0
[ WARN:0@2428707.600] global cap_ffmpeg_impl.hpp:453 _opencv_ffmpeg_interrupt_callback Stream timeout triggered after 30078.793444 ms
WARNING:root:Stream 56ca5445-cc78-4157-a5ca-505b5ce63d28 frozen (in-memory last_frame_time 58.1s ago). Queuing for restart.
[ WARN:0@2428737.657] global cap_ffmpeg_impl.hpp:453 _opencv_ffmpeg_interrupt_callback Stream timeout triggered after 30055.435072 ms
ERROR:root:Cannot read from video source: rtsp://admin:12345678@41.178.2.61:554/ch12/0
[ WARN:9@2428767.593] global cap_ffmpeg_impl.hpp:453 _opencv_ffmpeg_interrupt_callback Stream timeout triggered after 30007.239464 ms
WARNING:root:Stream 56ca5445-cc78-4157-a5ca-505b5ce63d28 frozen (in-memory last_frame_time 58.0s ago). Queuing for restart.
[ WARN:9@2428797.649] global cap_ffmpeg_impl.hpp:453 _opencv_ffmpeg_interrupt_callback Stream timeout triggered after 30055.300040 ms
ERROR:root:Cannot read from video source: rtsp://admin:12345678@41.178.2.61:554/ch12/0
[ WARN:8@2428827.707] global cap_ffmpeg_impl.hpp:453 _opencv_ffmpeg_interrupt_callback Stream timeout triggered after 30066.713252 ms
WARNING:root:Stream 56ca5445-cc78-4157-a5ca-505b5ce63d28 frozen (in-memory last_frame_time 58.0s ago). Queuing for restart.
[ WARN:8@2428857.764] global cap_ffmpeg_impl.hpp:453 _opencv_ffmpeg_interrupt_callback Stream timeout triggered after 30055.403921 ms
ERROR:root:Cannot read from video source: rtsp://admin:12345678@41.178.2.61:554/ch12/0
[ WARN:7@2428887.731] global cap_ffmpeg_impl.hpp:453 _opencv_ffmpeg_interrupt_callback Stream timeout triggered after 30042.207489 ms
WARNING:root:Stream 56ca5445-cc78-4157-a5ca-505b5ce63d28 frozen (in-memory last_frame_time 58.1s ago). Queuing for restart.
[ WARN:7@2428917.787] global cap_ffmpeg_impl.hpp:453 _opencv_ffmpeg_interrupt_callback Stream timeout triggered after 30055.014207 ms
ERROR:root:Cannot read from video source: rtsp://admin:12345678@41.178.2.61:554/ch12/0
[ WARN:4@2428947.894] global cap_ffmpeg_impl.hpp:453 _opencv_ffmpeg_interrupt_callback Stream timeout triggered after 30095.596136 ms
WARNING:root:Stream 56ca5445-cc78-4157-a5ca-505b5ce63d28 frozen (in-memory last_frame_time 58.0s ago). Queuing for restart.
[ WARN:4@2428977.951] global cap_ffmpeg_impl.hpp:453 _opencv_ffmpeg_interrupt_callback Stream timeout triggered after 30055.374636 ms
ERROR:root:Cannot read from video source: rtsp://admin:12345678@41.178.2.61:554/ch12/0
[ WARN:3@2429007.865] global cap_ffmpeg_impl.hpp:453 _opencv_ffmpeg_interrupt_callback Stream timeout triggered after 30010.809488 ms
WARNING:root:Stream 56ca5445-cc78-4157-a5ca-505b5ce63d28 frozen (in-memory last_frame_time 58.0s ago). Queuing for restart.
[ WARN:3@2429037.923] global cap_ffmpeg_impl.hpp:453 _opencv_ffmpeg_interrupt_callback Stream timeout triggered after 30055.640582 ms
ERROR:root:Cannot read from video source: rtsp://admin:12345678@41.178.2.61:554/ch12/0
[ WARN:10@2429067.937] global cap_ffmpeg_impl.hpp:453 _opencv_ffmpeg_interrupt_callback Stream timeout triggered after 30032.689341 ms
WARNING:root:Stream 56ca5445-cc78-4157-a5ca-505b5ce63d28 frozen (in-memory last_frame_time 58.0s ago). Queuing for restart.
[ WARN:10@2429097.992] global cap_ffmpeg_impl.hpp:453 _opencv_ffmpeg_interrupt_callback Stream timeout triggered after 30053.792266 ms
ERROR:root:Cannot read from video source: rtsp://admin:12345678@41.178.2.61:554/ch12/0
[ WARN:0@2429127.972] global cap_ffmpeg_impl.hpp:453 _opencv_ffmpeg_interrupt_callback Stream timeout triggered after 30016.566879 ms
WARNING:root:Stream 56ca5445-cc78-4157-a5ca-505b5ce63d28 frozen (in-memory last_frame_time 58.1s ago). Queuing for restart.
[ WARN:0@2429158.028] global cap_ffmpeg_impl.hpp:453 _opencv_ffmpeg_interrupt_callback Stream timeout triggered after 30054.943842 ms
ERROR:root:Cannot read from video source: rtsp://admin:12345678@41.178.2.61:554/ch12/0
[ WARN:9@2429188.094] global cap_ffmpeg_impl.hpp:453 _opencv_ffmpeg_interrupt_callback Stream timeout triggered after 30070.346566 ms
WARNING:root:Stream 56ca5445-cc78-4157-a5ca-505b5ce63d28 frozen (in-memory last_frame_time 58.0s ago). Queuing for restart.
[ WARN:9@2429218.150] global cap_ffmpeg_impl.hpp:453 _opencv_ffmpeg_interrupt_callback Stream timeout triggered after 30055.311932 ms
ERROR:root:Cannot read from video source: rtsp://admin:12345678@41.178.2.61:554/ch12/0
[ WARN:8@2429248.185] global cap_ffmpeg_impl.hpp:453 _opencv_ffmpeg_interrupt_callback Stream timeout triggered after 30100.152885 ms
WARNING:root:Stream 56ca5445-cc78-4157-a5ca-505b5ce63d28 frozen (in-memory last_frame_time 58.0s ago). Queuing for restart.
[ WARN:8@2429278.241] global cap_ffmpeg_impl.hpp:453 _opencv_ffmpeg_interrupt_callback Stream timeout triggered after 30055.110081 ms
ERROR:root:Cannot read from video source: rtsp://admin:12345678@41.178.2.61:554/ch12/0
[ WARN:6@2429308.155] global cap_ffmpeg_impl.hpp:453 _opencv_ffmpeg_interrupt_callback Stream timeout triggered after 30013.446299 ms
WARNING:root:Stream 56ca5445-cc78-4157-a5ca-505b5ce63d28 frozen (in-memory last_frame_time 58.0s ago). Queuing for restart.
[ WARN:6@2429338.210] global cap_ffmpeg_impl.hpp:453 _opencv_ffmpeg_interrupt_callback Stream timeout triggered after 30053.988287 ms
ERROR:root:Cannot read from video source: rtsp://admin:12345678@41.178.2.61:554/ch12/0
[ WARN:4@2429368.292] global cap_ffmpeg_impl.hpp:453 _opencv_ffmpeg_interrupt_callback Stream timeout triggered after 30091.159959 ms
WARNING:root:Stream 56ca5445-cc78-4157-a5ca-505b5ce63d28 frozen (in-memory last_frame_time 58.0s ago). Queuing for restart.
[ WARN:4@2429398.349] global cap_ffmpeg_impl.hpp:453 _opencv_ffmpeg_interrupt_callback Stream timeout triggered after 30055.240919 ms
ERROR:root:Cannot read from video source: rtsp://admin:12345678@41.178.2.61:554/ch12/0
[ WARN:3@2429428.273] global cap_ffmpeg_impl.hpp:453 _opencv_ffmpeg_interrupt_callback Stream timeout triggered after 30016.774349 ms
WARNING:root:Stream 56ca5445-cc78-4157-a5ca-505b5ce63d28 frozen (in-memory last_frame_time 58.0s ago). Queuing for restart.
[ WARN:3@2429458.331] global cap_ffmpeg_impl.hpp:453 _opencv_ffmpeg_interrupt_callback Stream timeout triggered after 30056.150720 ms
ERROR:root:Cannot read from video source: rtsp://admin:12345678@41.178.2.61:554/ch12/0
[ WARN:10@2429488.323] global cap_ffmpeg_impl.hpp:453 _opencv_ffmpeg_interrupt_callback Stream timeout triggered after 30014.156643 ms
WARNING:root:Stream 56ca5445-cc78-4157-a5ca-505b5ce63d28 frozen (in-memory last_frame_time 58.0s ago). Queuing for restart.
[ WARN:10@2429518.378] global cap_ffmpeg_impl.hpp:453 _opencv_ffmpeg_interrupt_callback Stream timeout triggered after 30054.125830 ms
ERROR:root:Cannot read from video source: rtsp://admin:12345678@41.178.2.61:554/ch12/0
[ WARN:0@2429548.381] global cap_ffmpeg_impl.hpp:453 _opencv_ffmpeg_interrupt_callback Stream timeout triggered after 30012.182102 ms
WARNING:root:Stream 56ca5445-cc78-4157-a5ca-505b5ce63d28 frozen (in-memory last_frame_time 58.0s ago). Queuing for restart.
[ WARN:0@2429578.438] global cap_ffmpeg_impl.hpp:453 _opencv_ffmpeg_interrupt_callback Stream timeout triggered after 30055.532022 ms
ERROR:root:Cannot read from video source: rtsp://admin:12345678@41.178.2.61:554/ch12/0
[ WARN:9@2429608.425] global cap_ffmpeg_impl.hpp:453 _opencv_ffmpeg_interrupt_callback Stream timeout triggered after 30005.060268 ms
WARNING:root:Stream 56ca5445-cc78-4157-a5ca-505b5ce63d28 frozen (in-memory last_frame_time 58.0s ago). Queuing for restart.
[ WARN:9@2429638.480] global cap_ffmpeg_impl.hpp:453 _opencv_ffmpeg_interrupt_callback Stream timeout triggered after 30054.357458 ms
ERROR:root:Cannot read from video source: rtsp://admin:12345678@41.178.2.61:554/ch12/0
[ WARN:8@2429668.488] global cap_ffmpeg_impl.hpp:453 _opencv_ffmpeg_interrupt_callback Stream timeout triggered after 30013.460754 ms
WARNING:root:Stream 56ca5445-cc78-4157-a5ca-505b5ce63d28 frozen (in-memory last_frame_time 58.0s ago). Queuing for restart.
[ WARN:8@2429698.544] global cap_ffmpeg_impl.hpp:453 _opencv_ffmpeg_interrupt_callback Stream timeout triggered after 30054.992254 ms
ERROR:root:Cannot read from video source: rtsp://admin:12345678@41.178.2.61:554/ch12/0
[ WARN:6@2429728.615] global cap_ffmpeg_impl.hpp:453 _opencv_ffmpeg_interrupt_callback Stream timeout triggered after 30093.400930 ms
WARNING:root:Stream 56ca5445-cc78-4157-a5ca-505b5ce63d28 frozen (in-memory last_frame_time 58.0s ago). Queuing for restart.
[ WARN:6@2429758.672] global cap_ffmpeg_impl.hpp:453 _opencv_ffmpeg_interrupt_callback Stream timeout triggered after 30055.159592 ms
ERROR:root:Cannot read from video source: rtsp://admin:12345678@41.178.2.61:554/ch12/0
[ WARN:4@2429788.638] global cap_ffmpeg_impl.hpp:453 _opencv_ffmpeg_interrupt_callback Stream timeout triggered after 30058.574498 ms
WARNING:root:Stream 56ca5445-cc78-4157-a5ca-505b5ce63d28 frozen (in-memory last_frame_time 58.0s ago). Queuing for restart.
[ WARN:4@2429818.695] global cap_ffmpeg_impl.hpp:453 _opencv_ffmpeg_interrupt_callback Stream timeout triggered after 30055.695490 ms
ERROR:root:Cannot read from video source: rtsp://admin:12345678@41.178.2.61:554/ch12/0
[ WARN:3@2429848.668] global cap_ffmpeg_impl.hpp:453 _opencv_ffmpeg_interrupt_callback Stream timeout triggered after 30031.580437 ms
WARNING:root:Stream 56ca5445-cc78-4157-a5ca-505b5ce63d28 frozen (in-memory last_frame_time 58.0s ago). Queuing for restart.
[ WARN:3@2429878.725] global cap_ffmpeg_impl.hpp:453 _opencv_ffmpeg_interrupt_callback Stream timeout triggered after 30055.096576 ms
ERROR:root:Cannot read from video source: rtsp://admin:12345678@41.178.2.61:554/ch12/0
[ WARN:10@2429908.697] global cap_ffmpeg_impl.hpp:453 _opencv_ffmpeg_interrupt_callback Stream timeout triggered after 30012.755272 ms
WARNING:root:Stream 56ca5445-cc78-4157-a5ca-505b5ce63d28 frozen (in-memory last_frame_time 58.0s ago). Queuing for restart.
[ WARN:10@2429938.753] global cap_ffmpeg_impl.hpp:453 _opencv_ffmpeg_interrupt_callback Stream timeout triggered after 30054.333142 ms
ERROR:root:Cannot read from video source: rtsp://admin:12345678@41.178.2.61:554/ch12/0
[ WARN:0@2429968.778] global cap_ffmpeg_impl.hpp:453 _opencv_ffmpeg_interrupt_callback Stream timeout triggered after 30036.306145 ms
WARNING:root:Stream 56ca5445-cc78-4157-a5ca-505b5ce63d28 frozen (in-memory last_frame_time 58.0s ago). Queuing for restart.
[ WARN:0@2429998.835] global cap_ffmpeg_impl.hpp:453 _opencv_ffmpeg_interrupt_callback Stream timeout triggered after 30055.684657 ms
ERROR:root:Cannot read from video source: rtsp://admin:12345678@41.178.2.61:554/ch12/0
[ WARN:9@2430028.879] global cap_ffmpeg_impl.hpp:453 _opencv_ffmpeg_interrupt_callback Stream timeout triggered after 30080.337832 ms
WARNING:root:Stream 56ca5445-cc78-4157-a5ca-505b5ce63d28 frozen (in-memory last_frame_time 58.0s ago). Queuing for restart.
[ WARN:9@2430058.937] global cap_ffmpeg_impl.hpp:453 _opencv_ffmpeg_interrupt_callback Stream timeout triggered after 30055.546308 ms
ERROR:root:Cannot read from video source: rtsp://admin:12345678@41.178.2.61:554/ch12/0
[ WARN:8@2430088.908] global cap_ffmpeg_impl.hpp:453 _opencv_ffmpeg_interrupt_callback Stream timeout triggered after 30059.593160 ms
WARNING:root:Stream 56ca5445-cc78-4157-a5ca-505b5ce63d28 frozen (in-memory last_frame_time 58.0s ago). Queuing for restart.
[ WARN:8@2430118.966] global cap_ffmpeg_impl.hpp:453 _opencv_ffmpeg_interrupt_callback Stream timeout triggered after 30056.463362 ms
ERROR:root:Cannot read from video source: rtsp://admin:12345678@41.178.2.61:554/ch12/0
[ WARN:6@2433469.473] global cap_ffmpeg_impl.hpp:453 _opencv_ffmpeg_interrupt_callback Stream timeout triggered after 30097.882753 ms
[ WARN:6@2433499.491] global cap_ffmpeg_impl.hpp:453 _opencv_ffmpeg_interrupt_callback Stream timeout triggered after 30016.480697 ms
ERROR:root:Cannot read from video source: rtsp://admin:12345678@41.178.2.61:554/ch12/0
WARNING:root:Validation attempt 1 failed, retrying in 1s...
[ WARN:9@2433530.550] global cap_ffmpeg_impl.hpp:453 _opencv_ffmpeg_interrupt_callback Stream timeout triggered after 30056.294475 ms
WARNING:root:Stream 56ca5445-cc78-4157-a5ca-505b5ce63d28 frozen (in-memory last_frame_time 100.1s ago). Queuing for restart.
[ WARN:9@2433560.570] global cap_ffmpeg_impl.hpp:453 _opencv_ffmpeg_interrupt_callback Stream timeout triggered after 30018.088938 ms
ERROR:root:Cannot read from video source: rtsp://admin:12345678@41.178.2.61:554/ch12/0
[ WARN:7@2433571.504] global cap_ffmpeg_impl.hpp:453 _opencv_ffmpeg_interrupt_callback Stream timeout triggered after 30006.270851 ms
WARNING:root:Stream 56ca5445-cc78-4157-a5ca-505b5ce63d28 frozen (in-memory last_frame_time 58.1s ago). Queuing for restart.
[ WARN:7@2433601.525] global cap_ffmpeg_impl.hpp:453 _opencv_ffmpeg_interrupt_callback Stream timeout triggered after 30019.318154 ms
ERROR:root:Cannot read from video source: rtsp://admin:12345678@41.178.2.61:554/ch12/0
[ WARN:4@2433631.689] global cap_ffmpeg_impl.hpp:453 _opencv_ffmpeg_interrupt_callback Stream timeout triggered after 30069.534844 ms
WARNING:root:Stream 56ca5445-cc78-4157-a5ca-505b5ce63d28 frozen (in-memory last_frame_time 58.1s ago). Queuing for restart.
[ WARN:4@2433661.711] global cap_ffmpeg_impl.hpp:453 _opencv_ffmpeg_interrupt_callback Stream timeout triggered after 30020.193253 ms
ERROR:root:Cannot read from video source: rtsp://admin:12345678@41.178.2.61:554/ch12/0
[ WARN:11@2433691.796] global cap_ffmpeg_impl.hpp:453 _opencv_ffmpeg_interrupt_callback Stream timeout triggered after 30071.293873 ms
WARNING:root:Stream 56ca5445-cc78-4157-a5ca-505b5ce63d28 frozen (in-memory last_frame_time 58.1s ago). Queuing for restart.
[ WARN:11@2433721.834] global cap_ffmpeg_impl.hpp:453 _opencv_ffmpeg_interrupt_callback Stream timeout triggered after 30035.649489 ms
ERROR:root:Cannot read from video source: rtsp://admin:12345678@41.178.2.61:554/ch12/0
[ WARN:8@2433751.832] global cap_ffmpeg_impl.hpp:453 _opencv_ffmpeg_interrupt_callback Stream timeout triggered after 30004.679954 ms
WARNING:root:Stream 56ca5445-cc78-4157-a5ca-505b5ce63d28 frozen (in-memory last_frame_time 58.1s ago). Queuing for restart.
[ WARN:8@2433781.854] global cap_ffmpeg_impl.hpp:453 _opencv_ffmpeg_interrupt_callback Stream timeout triggered after 30017.222355 ms
ERROR:root:Cannot read from video source: rtsp://admin:12345678@41.178.2.61:554/ch12/0
[ WARN:4@2433811.974] global cap_ffmpeg_impl.hpp:453 _opencv_ffmpeg_interrupt_callback Stream timeout triggered after 30029.564719 ms
WARNING:root:Stream 56ca5445-cc78-4157-a5ca-505b5ce63d28 frozen (in-memory last_frame_time 58.1s ago). Queuing for restart.
[ WARN:4@2433841.985] global cap_ffmpeg_impl.hpp:453 _opencv_ffmpeg_interrupt_callback Stream timeout triggered after 30010.218137 ms
ERROR:root:Cannot read from video source: rtsp://admin:12345678@41.178.2.61:554/ch12/0
[ WARN:1@2433872.060] global cap_ffmpeg_impl.hpp:453 _opencv_ffmpeg_interrupt_callback Stream timeout triggered after 30007.537445 ms
WARNING:root:Stream 56ca5445-cc78-4157-a5ca-505b5ce63d28 frozen (in-memory last_frame_time 58.1s ago). Queuing for restart.
[ WARN:1@2433902.078] global cap_ffmpeg_impl.hpp:453 _opencv_ffmpeg_interrupt_callback Stream timeout triggered after 30015.594171 ms
ERROR:root:Cannot read from video source: rtsp://admin:12345678@41.178.2.61:554/ch12/0
[ WARN:5@2433932.181] global cap_ffmpeg_impl.hpp:453 _opencv_ffmpeg_interrupt_callback Stream timeout triggered after 30015.863338 ms
WARNING:root:Stream 56ca5445-cc78-4157-a5ca-505b5ce63d28 frozen (in-memory last_frame_time 58.1s ago). Queuing for restart.
[ WARN:5@2433962.187] global cap_ffmpeg_impl.hpp:453 _opencv_ffmpeg_interrupt_callback Stream timeout triggered after 30004.601967 ms
ERROR:root:Cannot read from video source: rtsp://admin:12345678@41.178.2.61:554/ch12/0
[ WARN:0@2433992.339] global cap_ffmpeg_impl.hpp:453 _opencv_ffmpeg_interrupt_callback Stream timeout triggered after 30075.561996 ms
WARNING:root:Stream 56ca5445-cc78-4157-a5ca-505b5ce63d28 frozen (in-memory last_frame_time 58.1s ago). Queuing for restart.
[ WARN:0@2434022.380] global cap_ffmpeg_impl.hpp:453 _opencv_ffmpeg_interrupt_callback Stream timeout triggered after 30039.163964 ms
ERROR:root:Cannot read from video source: rtsp://admin:12345678@41.178.2.61:554/ch12/0
[ WARN:5@2434052.388] global cap_ffmpeg_impl.hpp:453 _opencv_ffmpeg_interrupt_callback Stream timeout triggered after 30025.033187 ms
WARNING:root:Stream 56ca5445-cc78-4157-a5ca-505b5ce63d28 frozen (in-memory last_frame_time 58.1s ago). Queuing for restart.
[ WARN:5@2434082.402] global cap_ffmpeg_impl.hpp:453 _opencv_ffmpeg_interrupt_callback Stream timeout triggered after 30013.227196 ms
ERROR:root:Cannot read from video source: rtsp://admin:12345678@41.178.2.61:554/ch12/0
[ WARN:10@2434112.537] global cap_ffmpeg_impl.hpp:453 _opencv_ffmpeg_interrupt_callback Stream timeout triggered after 30067.419329 ms
WARNING:root:Stream 56ca5445-cc78-4157-a5ca-505b5ce63d28 frozen (in-memory last_frame_time 58.1s ago). Queuing for restart.
[ WARN:10@2434142.577] global cap_ffmpeg_impl.hpp:453 _opencv_ffmpeg_interrupt_callback Stream timeout triggered after 30039.078938 ms
ERROR:root:Cannot read from video source: rtsp://admin:12345678@41.178.2.61:554/ch12/0
[ WARN:2@2434172.634] global cap_ffmpeg_impl.hpp:453 _opencv_ffmpeg_interrupt_callback Stream timeout triggered after 30079.895553 ms
WARNING:root:Stream 56ca5445-cc78-4157-a5ca-505b5ce63d28 frozen (in-memory last_frame_time 58.1s ago). Queuing for restart.
[ WARN:2@2434202.678] global cap_ffmpeg_impl.hpp:453 _opencv_ffmpeg_interrupt_callback Stream timeout triggered after 30042.539773 ms
ERROR:root:Cannot read from video source: rtsp://admin:12345678@41.178.2.61:554/ch12/0
[ WARN:5@2434232.708] global cap_ffmpeg_impl.hpp:453 _opencv_ffmpeg_interrupt_callback Stream timeout triggered after 30055.401210 ms
[ WARN:5@2434262.805] global cap_ffmpeg_impl.hpp:453 _opencv_ffmpeg_interrupt_callback Stream timeout triggered after 30095.133405 ms
ERROR:root:Cannot read from video source: rtsp://admin:12345678@41.178.2.61:554/ch12/0
[ WARN:3@2434290.330] global cap_ffmpeg_impl.hpp:453 _opencv_ffmpeg_interrupt_callback Stream timeout triggered after 30085.364561 ms
[ WARN:3@2434320.386] global cap_ffmpeg_impl.hpp:453 _opencv_ffmpeg_interrupt_callback Stream timeout triggered after 30054.854590 ms
ERROR:root:Cannot read from video source: rtsp://admin:12345678@41.178.2.61:554/ch12/0
[ WARN:8@2434332.415] global cap_ffmpeg_impl.hpp:453 _opencv_ffmpeg_interrupt_callback Stream timeout triggered after 30095.079890 ms
[ WARN:8@2434362.457] global cap_ffmpeg_impl.hpp:453 _opencv_ffmpeg_interrupt_callback Stream timeout triggered after 30040.349585 ms
ERROR:root:Cannot read from video source: rtsp://admin:12345678@41.178.2.61:554/ch12/0
WARNING:root:Validation attempt 1 failed, retrying in 1s...
WARNING:root:Stream 56ca5445-cc78-4157-a5ca-505b5ce63d28 frozen (in-memory last_frame_time 80.1s ago). Queuing for restart.
[ WARN:10@2434393.500] global cap_ffmpeg_impl.hpp:453 _opencv_ffmpeg_interrupt_callback Stream timeout triggered after 30037.311314 ms
[ WARN:10@2434423.542] global cap_ffmpeg_impl.hpp:453 _opencv_ffmpeg_interrupt_callback Stream timeout triggered after 30038.760214 ms
ERROR:root:Cannot read from video source: rtsp://admin:12345678@41.178.2.61:554/ch12/0
[ WARN:2@2434423.562] global cap_ffmpeg_impl.hpp:453 _opencv_ffmpeg_interrupt_callback Stream timeout triggered after 30059.358804 ms
WARNING:root:Stream 56ca5445-cc78-4157-a5ca-505b5ce63d28 frozen (in-memory last_frame_time 58.1s ago). Queuing for restart.
[ WARN:2@2434453.600] global cap_ffmpeg_impl.hpp:453 _opencv_ffmpeg_interrupt_callback Stream timeout triggered after 30037.060781 ms
ERROR:root:Cannot read from video source: rtsp://admin:12345678@41.178.2.61:554/ch12/0
[ WARN:5@2434474.589] global cap_ffmpeg_impl.hpp:453 _opencv_ffmpeg_interrupt_callback Stream timeout triggered after 30007.978378 ms
[ WARN:5@2434504.688] global cap_ffmpeg_impl.hpp:453 _opencv_ffmpeg_interrupt_callback Stream timeout triggered after 30097.967723 ms
ERROR:root:Cannot read from video source: rtsp://admin:12345678@41.178.2.61:554/ch12/0
